songname,label
track_1.wav,0
track_2.wav,0
track_3.wav,0
track_4.wav,0
track_5.wav,0
track_6.wav,0
track_7.wav,0
track_8.wav,0
track_9.wav,0
track_10.wav,0
track_11.wav,0
track_12.wav,0
track_13.wav,0
track_14.wav,0
track_15.wav,0
track_16.wav,0
track_17.wav,0
track_18.wav,0
track_19.wav,0
track_20.wav,0
track_21.wav,0
track_22.wav,0
track_23.wav,0
track_24.wav,0
track_25.wav,0
track_26.wav,0
track_27.wav,0
track_28.wav,0
track_29.wav,0
track_30.wav,0
track_31.wav,0
track_32.wav,0
track_33.wav,0
track_34.wav,0
track_35.wav,0
track_37.wav,0
track_38.wav,0
track_39.wav,0
track_40.wav,0
track_41.wav,0
track_42.wav,0
track_43.wav,0
track_44.wav,0
track_45.wav,0
track_46.wav,0
track_47.wav,0
track_48.wav,0
track_49.wav,0
track_50.wav,0
track_51.wav,0
track_52.wav,0
track_53.wav,0
track_54.wav,0
track_55.wav,0
track_57.wav,0
track_58.wav,0
track_59.wav,0
track_60.wav,0
track_61.wav,0
track_62.wav,0
track_63.wav,0
track_64.wav,0
track_65.wav,0
track_66.wav,0
track_67.wav,0
track_68.wav,0
track_69.wav,0
track_70.wav,0
track_71.wav,0
track_72.wav,0
track_73.wav,0
track_74.wav,0
track_75.wav,0
track_76.wav,0
track_77.wav,0
track_78.wav,0
track_79.wav,0
track_80.wav,0
track_81.wav,0
track_82.wav,0
track_83.wav,0
track_84.wav,0
track_85.wav,0
track_86.wav,0
track_87.wav,0
track_88.wav,0
track_89.wav,0
track_90.wav,0
track_91.wav,0
track_92.wav,0
track_93.wav,0
track_94.wav,0
track_95.wav,0
track_96.wav,0
track_97.wav,0
track_98.wav,0
track_99.wav,0
track_100.wav,0
track_101.wav,0
track_102.wav,0
track_103.wav,0
track_104.wav,0
track_105.wav,0
track_106.wav,0
track_107.wav,0
track_108.wav,0
track_109.wav,0
track_110.wav,0
track_111.wav,0
track_112.wav,0
track_113.wav,0
track_114.wav,0
track_115.wav,0
track_116.wav,0
track_117.wav,0
track_118.wav,0
track_119.wav,0
track_120.wav,0
track_121.wav,0
track_123.wav,0
track_124.wav,0
track_125.wav,0
track_126.wav,0
track_127.wav,0
track_128.wav,0
track_129.wav,0
track_130.wav,0
track_131.wav,0
track_132.wav,0
track_133.wav,0
track_134.wav,0
track_135.wav,0
track_136.wav,0
track_137.wav,0
track_138.wav,0
track_139.wav,0
track_140.wav,0
track_141.wav,0
track_142.wav,0
track_143.wav,0
track_144.wav,0
track_145.wav,0
track_146.wav,0
track_147.wav,0
track_148.wav,0
track_149.wav,0
track_150.wav,0
track_151.wav,0
track_152.wav,0
track_153.wav,0
track_154.wav,0
track_155.wav,0
track_156.wav,0
track_158.wav,0
track_159.wav,0
track_160.wav,0
track_161.wav,0
track_162.wav,0
track_163.wav,0
track_164.wav,0
track_165.wav,0
track_167.wav,0
track_168.wav,0
track_169.wav,0
track_170.wav,0
track_171.wav,0
track_172.wav,0
track_173.wav,0
track_174.wav,0
track_175.wav,0
track_176.wav,0
track_177.wav,0
track_178.wav,0
track_179.wav,0
track_180.wav,0
track_181.wav,0
track_182.wav,0
track_183.wav,0
track_184.wav,0
track_185.wav,0
track_186.wav,0
track_187.wav,0
track_189.wav,0
track_190.wav,0
track_191.wav,0
track_192.wav,0
track_193.wav,0
track_194.wav,0
track_195.wav,0
track_196.wav,0
track_197.wav,0
track_198.wav,0
track_199.wav,0
track_201.wav,0
track_202.wav,0
track_203.wav,0
track_204.wav,0
track_205.wav,0
track_206.wav,0
track_207.wav,0
track_209.wav,0
track_210.wav,0
track_211.wav,0
track_212.wav,0
track_213.wav,0
track_214.wav,0
track_215.wav,0
track_216.wav,0
track_217.wav,0
track_218.wav,0
track_219.wav,0
track_220.wav,0
track_221.wav,0
track_222.wav,0
track_223.wav,0
track_224.wav,0
track_225.wav,0
track_226.wav,0
track_227.wav,0
track_228.wav,0
track_229.wav,0
track_230.wav,0
track_232.wav,0
track_233.wav,0
track_234.wav,0
track_235.wav,0
track_236.wav,0
track_237.wav,0
track_238.wav,0
track_239.wav,0
track_240.wav,0
track_241.wav,0
track_242.wav,0
track_243.wav,0
track_244.wav,0
track_245.wav,0
track_246.wav,0
track_247.wav,0
track_248.wav,0
track_249.wav,0
track_250.wav,0
track_252.wav,0
track_253.wav,0
track_255.wav,0
track_256.wav,0
track_257.wav,0
track_258.wav,0
track_260.wav,0
track_261.wav,0
track_262.wav,0
track_263.wav,0
track_264.wav,0
track_265.wav,0
track_266.wav,0
track_267.wav,0
track_268.wav,0
track_269.wav,0
track_270.wav,0
track_271.wav,0
track_272.wav,0
track_273.wav,0
track_274.wav,0
track_275.wav,0
track_276.wav,0
track_277.wav,0
track_278.wav,0
track_279.wav,0
track_280.wav,0
track_281.wav,0
track_282.wav,0
track_283.wav,0
track_284.wav,0
track_285.wav,0
track_286.wav,0
track_287.wav,0
track_288.wav,0
track_289.wav,0
track_290.wav,0
track_291.wav,0
track_292.wav,0
track_293.wav,0
track_294.wav,0
track_295.wav,0
track_296.wav,0
track_297.wav,0
track_298.wav,0
track_299.wav,0
track_300.wav,0
track_301.wav,0
track_302.wav,0
track_303.wav,0
track_304.wav,0
track_305.wav,0
track_306.wav,0
track_307.wav,0
track_308.wav,0
track_309.wav,0
track_310.wav,0
track_311.wav,0
track_312.wav,0
track_313.wav,0
track_314.wav,0
track_315.wav,0
track_316.wav,0
track_317.wav,0
track_318.wav,0
track_319.wav,0
track_320.wav,0
track_321.wav,0
track_322.wav,0
track_323.wav,0
track_324.wav,0
track_325.wav,0
track_326.wav,0
track_327.wav,0
track_328.wav,0
track_330.wav,0
track_331.wav,0
track_332.wav,0
track_333.wav,0
track_335.wav,0
track_336.wav,0
track_338.wav,0
track_339.wav,0
track_340.wav,0
track_341.wav,0
track_342.wav,0
track_343.wav,0
track_344.wav,0
track_345.wav,0
track_346.wav,0
track_347.wav,0
track_348.wav,0
track_349.wav,0
track_350.wav,0
track_351.wav,0
track_352.wav,0
track_353.wav,0
track_354.wav,0
track_355.wav,0
track_356.wav,0
track_357.wav,0
track_358.wav,0
track_359.wav,0
track_360.wav,0
track_361.wav,0
track_362.wav,0
track_363.wav,0
track_364.wav,0
track_365.wav,0
track_366.wav,0
track_367.wav,0
track_368.wav,0
track_369.wav,0
track_370.wav,0
track_371.wav,0
track_372.wav,0
track_373.wav,0
track_374.wav,0
track_375.wav,0
track_376.wav,0
track_377.wav,0
track_378.wav,0
track_379.wav,0
track_380.wav,0
track_381.wav,0
track_382.wav,0
track_383.wav,0
track_384.wav,0
track_386.wav,0
track_387.wav,0
track_388.wav,0
track_389.wav,0
track_390.wav,0
track_391.wav,0
track_392.wav,0
track_393.wav,0
track_394.wav,0
track_395.wav,0
track_396.wav,0
track_397.wav,0
track_398.wav,0
track_399.wav,0
track_400.wav,0
track_401.wav,0
track_402.wav,0
track_403.wav,0
track_404.wav,0
track_405.wav,0
track_406.wav,0
track_407.wav,0
track_408.wav,0
track_409.wav,0
track_410.wav,0
track_411.wav,0
track_412.wav,0
track_413.wav,0
track_414.wav,0
track_415.wav,0
track_416.wav,0
track_417.wav,0
track_418.wav,0
track_419.wav,0
track_420.wav,0
track_422.wav,0
track_423.wav,0
track_424.wav,0
track_425.wav,0
track_426.wav,0
track_427.wav,0
track_428.wav,0
track_429.wav,0
track_430.wav,0
track_431.wav,0
track_432.wav,0
track_433.wav,0
track_434.wav,0
track_436.wav,0
track_437.wav,0
track_438.wav,0
track_439.wav,0
track_440.wav,0
track_442.wav,0
track_443.wav,0
track_444.wav,0
track_445.wav,0
track_446.wav,0
track_447.wav,0
track_449.wav,0
track_450.wav,0
track_451.wav,0
track_452.wav,0
track_453.wav,0
track_454.wav,0
track_455.wav,0
track_456.wav,0
track_457.wav,0
track_458.wav,0
track_459.wav,0
track_460.wav,0
track_461.wav,0
track_462.wav,0
track_463.wav,0
track_464.wav,0
track_465.wav,0
track_466.wav,0
track_467.wav,0
track_468.wav,0
track_469.wav,0
track_470.wav,0
track_471.wav,0
track_472.wav,0
track_473.wav,0
track_474.wav,0
track_475.wav,0
track_476.wav,0
track_477.wav,0
track_478.wav,0
track_479.wav,0
track_480.wav,0
track_481.wav,0
track_482.wav,0
track_483.wav,0
track_484.wav,0
track_485.wav,0
track_486.wav,0
track_487.wav,0
track_488.wav,0
track_490.wav,0
track_491.wav,0
track_492.wav,0
track_493.wav,0
track_494.wav,0
track_495.wav,0
track_496.wav,0
track_497.wav,0
track_498.wav,0
track_499.wav,0
track_500.wav,0
track_501.wav,0
track_502.wav,0
track_503.wav,0
track_504.wav,0
track_505.wav,0
track_506.wav,0
track_507.wav,0
track_508.wav,0
track_509.wav,0
track_510.wav,0
track_512.wav,0
track_514.wav,0
track_515.wav,0
track_516.wav,0
track_517.wav,0
track_518.wav,0
track_519.wav,0
track_520.wav,0
track_521.wav,0
track_522.wav,0
track_523.wav,0
track_524.wav,0
track_525.wav,0
track_527.wav,0
track_528.wav,0
track_529.wav,0
track_530.wav,0
track_531.wav,0
track_532.wav,0
track_533.wav,0
track_534.wav,0
track_535.wav,0
track_536.wav,0
track_537.wav,0
track_538.wav,0
track_539.wav,0
track_540.wav,0
track_541.wav,0
track_542.wav,0
track_543.wav,0
track_544.wav,0
track_545.wav,0
track_546.wav,0
track_547.wav,0
track_548.wav,0
track_549.wav,0
track_550.wav,0
track_551.wav,0
track_552.wav,0
track_553.wav,0
track_554.wav,0
track_555.wav,0
track_557.wav,0
track_558.wav,0
track_559.wav,0
track_560.wav,0
track_561.wav,0
track_562.wav,0
track_563.wav,0
track_564.wav,0
track_565.wav,0
track_566.wav,0
track_567.wav,0
track_568.wav,0
track_569.wav,0
track_570.wav,0
track_571.wav,0
track_572.wav,0
track_573.wav,0
track_574.wav,0
track_575.wav,0
track_576.wav,0
track_577.wav,0
track_578.wav,0
track_579.wav,0
track_580.wav,0
track_581.wav,0
track_582.wav,0
track_583.wav,0
track_584.wav,0
track_585.wav,0
track_586.wav,0
track_587.wav,0
track_588.wav,0
track_589.wav,0
track_590.wav,0
track_591.wav,0
track_592.wav,0
track_593.wav,0
track_594.wav,0
track_595.wav,0
track_597.wav,0
track_598.wav,0
track_599.wav,0
track_600.wav,0
track_601.wav,0
track_602.wav,0
track_603.wav,0
track_604.wav,0
track_605.wav,0
track_606.wav,0
track_607.wav,0
track_608.wav,0
track_609.wav,0
track_610.wav,0
track_611.wav,0
track_612.wav,0
track_613.wav,0
track_614.wav,0
track_615.wav,0
track_616.wav,0
track_617.wav,0
track_618.wav,0
track_619.wav,0
track_620.wav,0
track_621.wav,0
track_623.wav,0
track_624.wav,0
track_625.wav,0
track_626.wav,0
track_627.wav,0
track_628.wav,0
track_630.wav,0
track_631.wav,0
track_633.wav,0
track_634.wav,0
track_635.wav,0
track_636.wav,0
track_637.wav,0
track_638.wav,0
track_639.wav,0
track_640.wav,0
track_641.wav,0
track_642.wav,0
track_643.wav,0
track_644.wav,0
track_645.wav,0
track_646.wav,0
track_647.wav,0
track_648.wav,0
track_649.wav,0
track_650.wav,0
track_651.wav,0
track_652.wav,0
track_654.wav,0
track_655.wav,0
track_656.wav,0
track_657.wav,0
track_658.wav,0
track_659.wav,0
track_660.wav,0
track_661.wav,0
track_662.wav,0
track_663.wav,0
track_664.wav,0
track_665.wav,0
track_666.wav,0
track_667.wav,0
track_668.wav,0
track_669.wav,0
track_670.wav,0
track_671.wav,0
track_672.wav,0
track_673.wav,0
track_674.wav,0
track_675.wav,0
track_676.wav,0
track_677.wav,0
track_678.wav,0
track_679.wav,0
track_680.wav,0
track_681.wav,0
track_682.wav,0
track_683.wav,0
track_684.wav,0
track_685.wav,0
track_686.wav,0
track_687.wav,0
track_688.wav,0
track_689.wav,0
track_690.wav,0
track_691.wav,0
track_692.wav,0
track_693.wav,0
track_694.wav,0
track_695.wav,0
track_696.wav,0
track_697.wav,0
track_698.wav,0
track_699.wav,0
track_700.wav,0
track_701.wav,0
track_702.wav,0
track_704.wav,0
track_705.wav,0
track_706.wav,0
track_707.wav,0
track_708.wav,0
track_709.wav,0
track_710.wav,0
track_711.wav,0
track_712.wav,0
track_713.wav,0
track_714.wav,0
track_715.wav,0
track_716.wav,0
track_717.wav,0
track_718.wav,0
track_719.wav,0
track_720.wav,0
track_721.wav,0
track_722.wav,0
track_723.wav,0
track_724.wav,0
track_725.wav,0
track_726.wav,0
track_727.wav,0
track_728.wav,0
track_729.wav,0
track_730.wav,0
track_731.wav,0
track_732.wav,0
track_733.wav,0
track_734.wav,0
track_735.wav,0
track_736.wav,0
track_737.wav,0
track_738.wav,0
track_739.wav,0
track_740.wav,0
track_741.wav,0
track_742.wav,0
track_743.wav,0
track_744.wav,0
track_745.wav,0
track_746.wav,0
track_747.wav,0
track_748.wav,0
track_749.wav,0
track_750.wav,0
track_751.wav,0
track_752.wav,0
track_753.wav,0
track_754.wav,0
track_755.wav,0
track_756.wav,0
track_757.wav,0
track_758.wav,0
track_759.wav,0
track_760.wav,0
track_761.wav,0
track_762.wav,0
track_763.wav,0
track_764.wav,0
track_765.wav,0
track_766.wav,0
track_767.wav,0
track_768.wav,0
track_769.wav,0
track_770.wav,0
track_771.wav,0
track_772.wav,0
track_774.wav,0
track_775.wav,0
track_776.wav,0
track_777.wav,0
track_778.wav,0
track_779.wav,0
track_780.wav,0
track_781.wav,0
track_782.wav,0
track_783.wav,0
track_784.wav,0
track_785.wav,0
track_786.wav,0
track_787.wav,0
track_788.wav,0
track_789.wav,0
track_790.wav,0
track_791.wav,0
track_792.wav,0
track_793.wav,0
track_794.wav,0
track_795.wav,0
track_796.wav,0
track_797.wav,0
track_798.wav,0
track_799.wav,0
track_800.wav,0
track_801.wav,0
track_802.wav,0
track_803.wav,0
track_804.wav,0
track_805.wav,0
track_807.wav,0
track_808.wav,0
track_809.wav,0
track_810.wav,0
track_811.wav,0
track_812.wav,0
track_813.wav,0
track_814.wav,0
track_815.wav,0
track_816.wav,0
track_817.wav,0
track_818.wav,0
track_819.wav,0
track_820.wav,0
track_821.wav,0
track_822.wav,0
track_824.wav,0
track_825.wav,0
track_826.wav,0
track_827.wav,0
track_828.wav,0
track_829.wav,0
track_830.wav,0
track_831.wav,0
track_832.wav,0
track_833.wav,0
track_834.wav,0
track_835.wav,0
track_836.wav,0
track_837.wav,0
track_838.wav,0
track_839.wav,0
track_840.wav,0
track_841.wav,0
track_842.wav,0
track_843.wav,0
track_844.wav,0
track_845.wav,0
track_846.wav,0
track_847.wav,0
track_848.wav,0
track_849.wav,0
track_850.wav,0
track_851.wav,0
track_852.wav,0
track_853.wav,0
track_854.wav,0
track_855.wav,0
track_856.wav,0
track_857.wav,0
track_858.wav,0
track_859.wav,0
track_860.wav,0
track_861.wav,0
track_862.wav,0
track_863.wav,0
track_864.wav,0
track_865.wav,0
track_866.wav,0
track_867.wav,0
track_868.wav,0
track_869.wav,0
track_870.wav,0
track_871.wav,0
track_872.wav,0
track_873.wav,0
track_874.wav,0
track_875.wav,0
track_876.wav,0
track_877.wav,0
track_878.wav,0
track_879.wav,0
track_880.wav,0
track_882.wav,0
track_883.wav,0
track_884.wav,0
track_885.wav,0
track_886.wav,0
track_887.wav,0
track_888.wav,0
track_889.wav,0
track_890.wav,0
track_891.wav,0
track_892.wav,0
track_893.wav,0
track_894.wav,0
track_895.wav,0
track_896.wav,0
track_897.wav,0
track_898.wav,0
track_899.wav,0
track_900.wav,0
track_901.wav,0
track_902.wav,0
track_903.wav,0
track_904.wav,0
track_905.wav,0
track_906.wav,0
track_907.wav,0
track_908.wav,0
track_909.wav,0
track_910.wav,0
track_911.wav,0
track_912.wav,0
track_913.wav,0
track_914.wav,0
track_915.wav,0
track_916.wav,0
track_917.wav,0
track_918.wav,0
track_919.wav,0
track_920.wav,0
track_921.wav,0
track_922.wav,0
track_923.wav,0
track_924.wav,0
track_925.wav,0
track_926.wav,0
track_927.wav,0
track_928.wav,0
track_929.wav,0
track_930.wav,0
track_931.wav,0
track_932.wav,0
track_933.wav,0
track_934.wav,0
track_935.wav,0
track_936.wav,0
track_937.wav,0
track_938.wav,0
track_939.wav,0
track_940.wav,0
track_941.wav,0
track_942.wav,0
track_943.wav,0
track_944.wav,0
track_945.wav,0
track_946.wav,0
track_947.wav,0
track_948.wav,0
track_949.wav,0
track_950.wav,0
track_951.wav,0
track_952.wav,0
track_953.wav,0
track_956.wav,0
track_957.wav,0
track_958.wav,0
track_959.wav,0
track_960.wav,0
track_961.wav,0
track_962.wav,0
track_963.wav,0
track_964.wav,0
track_965.wav,0
track_966.wav,0
track_967.wav,0
track_968.wav,0
track_969.wav,0
track_970.wav,0
track_971.wav,0
track_972.wav,0
track_973.wav,0
track_974.wav,0
track_975.wav,0
track_976.wav,0
track_977.wav,0
track_978.wav,0
track_979.wav,0
track_980.wav,0
track_981.wav,0
track_982.wav,0
track_983.wav,0
track_984.wav,0
track_985.wav,0
track_986.wav,0
track_987.wav,0
track_988.wav,0
track_989.wav,0
track_990.wav,0
track_991.wav,0
track_992.wav,0
track_993.wav,0
track_994.wav,0
track_995.wav,0
track_996.wav,0
track_997.wav,0
track_998.wav,0
track_999.wav,0
track_1000.wav,0
track_1001.wav,0
track_1002.wav,0
track_1003.wav,0
track_1004.wav,0
track_1005.wav,0
track_1007.wav,0
track_1008.wav,0
track_1009.wav,0
track_1010.wav,0
track_1011.wav,0
track_1012.wav,0
track_1013.wav,0
track_1014.wav,0
track_1015.wav,0
track_1016.wav,0
track_1017.wav,0
track_1018.wav,0
track_1019.wav,0
track_1021.wav,0
track_1022.wav,0
track_1023.wav,0
track_1024.wav,0
track_1025.wav,0
track_1026.wav,0
track_1027.wav,0
track_1028.wav,0
track_1029.wav,0
track_1030.wav,0
track_1031.wav,0
track_1032.wav,0
track_1033.wav,0
track_1034.wav,0
track_1035.wav,0
track_1036.wav,0
track_1037.wav,0
track_1038.wav,0
track_1039.wav,0
track_1040.wav,0
track_1041.wav,0
track_1042.wav,0
track_1044.wav,0
track_1045.wav,0
track_1046.wav,0
track_1047.wav,0
track_1048.wav,0
track_1049.wav,0
track_1050.wav,0
track_1051.wav,0
track_1052.wav,0
track_1054.wav,0
track_1055.wav,0
track_1056.wav,0
track_1057.wav,0
track_1058.wav,0
track_1059.wav,0
track_1060.wav,0
track_1061.wav,0
track_1062.wav,0
track_1063.wav,0
track_1064.wav,0
track_1065.wav,0
track_1066.wav,0
track_1067.wav,0
track_1068.wav,0
track_1069.wav,0
track_1070.wav,0
track_1071.wav,0
track_1072.wav,0
track_1073.wav,0
track_1074.wav,0
track_1075.wav,0
track_1076.wav,0
track_1077.wav,0
track_1078.wav,0
track_1080.wav,0
track_1081.wav,0
track_1082.wav,0
track_1083.wav,0
track_1084.wav,0
track_1085.wav,0
track_1086.wav,0
track_1087.wav,0
track_1088.wav,0
track_1089.wav,0
track_1090.wav,0
track_1091.wav,0
track_1092.wav,0
track_1093.wav,0
track_1094.wav,0
track_1095.wav,0
track_1096.wav,0
track_1097.wav,0
track_1098.wav,0
track_1099.wav,0
track_1100.wav,0
track_1101.wav,0
track_1102.wav,0
track_1103.wav,0
track_1104.wav,0
track_1105.wav,0
track_1106.wav,0
track_1107.wav,0
track_1108.wav,0
track_1109.wav,0
track_1110.wav,0
track_1111.wav,0
track_1112.wav,0
track_1113.wav,0
track_1114.wav,0
track_1115.wav,0
track_1116.wav,0
track_1117.wav,0
track_1118.wav,0
track_1119.wav,0
track_1120.wav,0
track_1121.wav,0
track_1122.wav,0
track_1123.wav,0
track_1124.wav,0
track_1125.wav,0
track_1126.wav,0
track_1127.wav,0
track_1128.wav,0
track_1129.wav,0
track_1130.wav,0
track_1131.wav,0
track_1132.wav,0
track_1133.wav,0
track_1134.wav,0
track_1135.wav,0
track_1136.wav,0
track_1137.wav,0
track_1138.wav,0
track_1139.wav,0
track_1140.wav,0
track_1141.wav,0
track_1142.wav,0
track_1143.wav,0
track_1144.wav,0
track_1145.wav,0
track_1146.wav,0
track_1147.wav,0
track_1148.wav,0
track_1149.wav,0
track_1150.wav,0
track_1152.wav,0
track_1153.wav,0
track_1154.wav,0
track_1155.wav,0
track_1157.wav,0
track_1158.wav,0
track_1159.wav,0
track_1162.wav,0
track_1163.wav,0
track_1164.wav,0
track_1165.wav,0
track_1166.wav,0
track_1167.wav,0
track_1168.wav,0
track_1169.wav,0
track_1170.wav,0
track_1171.wav,0
track_1172.wav,0
track_1173.wav,0
track_1174.wav,0
track_1175.wav,0
track_1176.wav,0
track_1177.wav,0
track_1178.wav,0
track_1179.wav,0
track_1180.wav,0
track_1181.wav,0
track_1182.wav,0
track_1183.wav,0
track_1184.wav,0
track_1185.wav,0
track_1186.wav,0
track_1187.wav,0
track_1188.wav,0
track_1190.wav,0
track_1191.wav,0
track_1192.wav,0
track_1193.wav,0
track_1194.wav,0
track_1195.wav,0
track_1196.wav,0
track_1197.wav,0
track_1198.wav,0
track_1199.wav,0
track_1200.wav,0
track_1201.wav,3
track_1202.wav,3
track_1203.wav,3
track_1204.wav,3
track_1205.wav,3
track_1206.wav,3
track_1207.wav,3
track_1208.wav,3
track_1209.wav,3
track_1210.wav,3
track_1211.wav,3
track_1212.wav,3
track_1213.wav,3
track_1214.wav,3
track_1215.wav,3
track_1216.wav,3
track_1217.wav,3
track_1218.wav,3
track_1219.wav,3
track_1220.wav,3
track_1221.wav,3
track_1222.wav,3
track_1223.wav,3
track_1224.wav,3
track_1225.wav,3
track_1226.wav,3
track_1227.wav,3
track_1228.wav,3
track_1229.wav,3
track_1230.wav,3
track_1231.wav,3
track_1232.wav,3
track_1233.wav,3
track_1234.wav,3
track_1235.wav,3
track_1236.wav,3
track_1237.wav,3
track_1238.wav,3
track_1239.wav,3
track_1240.wav,3
track_1241.wav,3
track_1242.wav,3
track_1243.wav,3
track_1244.wav,3
track_1246.wav,3
track_1247.wav,3
track_1248.wav,3
track_1249.wav,3
track_1250.wav,3
track_1251.wav,3
track_1252.wav,3
track_1253.wav,3
track_1255.wav,3
track_1256.wav,3
track_1257.wav,3
track_1258.wav,3
track_1259.wav,3
track_1260.wav,3
track_1261.wav,3
track_1262.wav,3
track_1263.wav,3
track_1264.wav,3
track_1265.wav,3
track_1266.wav,3
track_1267.wav,3
track_1268.wav,3
track_1269.wav,3
track_1270.wav,3
track_1271.wav,3
track_1272.wav,3
track_1273.wav,3
track_1274.wav,3
track_1275.wav,3
track_1276.wav,3
track_1277.wav,3
track_1278.wav,3
track_1279.wav,3
track_1280.wav,3
track_1281.wav,3
track_1282.wav,3
track_1283.wav,3
track_1284.wav,3
track_1285.wav,3
track_1286.wav,3
track_1287.wav,3
track_1288.wav,3
track_1289.wav,3
track_1290.wav,3
track_1291.wav,3
track_1292.wav,3
track_1293.wav,3
track_1294.wav,3
track_1296.wav,3
track_1297.wav,3
track_1298.wav,3
track_1299.wav,3
track_1300.wav,3
track_1301.wav,3
track_1302.wav,3
track_1303.wav,3
track_1304.wav,3
track_1305.wav,3
track_1306.wav,3
track_1307.wav,3
track_1308.wav,3
track_1309.wav,3
track_1310.wav,3
track_1311.wav,3
track_1312.wav,3
track_1313.wav,3
track_1314.wav,3
track_1315.wav,3
track_1316.wav,3
track_1317.wav,3
track_1318.wav,3
track_1319.wav,3
track_1320.wav,3
track_1321.wav,3
track_1322.wav,3
track_1323.wav,3
track_1324.wav,3
track_1326.wav,3
track_1327.wav,3
track_1328.wav,3
track_1329.wav,3
track_1330.wav,3
track_1331.wav,3
track_1332.wav,3
track_1333.wav,3
track_1334.wav,3
track_1335.wav,3
track_1336.wav,3
track_1337.wav,3
track_1338.wav,3
track_1339.wav,3
track_1340.wav,3
track_1341.wav,3
track_1342.wav,3
track_1343.wav,3
track_1344.wav,3
track_1345.wav,3
track_1346.wav,3
track_1347.wav,3
track_1348.wav,3
track_1349.wav,3
track_1350.wav,3
track_1351.wav,3
track_1352.wav,3
track_1353.wav,3
track_1354.wav,3
track_1356.wav,3
track_1357.wav,3
track_1358.wav,3
track_1359.wav,3
track_1360.wav,3
track_1361.wav,3
track_1362.wav,3
track_1363.wav,3
track_1364.wav,3
track_1365.wav,3
track_1366.wav,3
track_1367.wav,3
track_1368.wav,3
track_1369.wav,3
track_1370.wav,3
track_1371.wav,3
track_1372.wav,3
track_1373.wav,3
track_1374.wav,3
track_1375.wav,3
track_1376.wav,3
track_1377.wav,3
track_1378.wav,3
track_1379.wav,3
track_1380.wav,3
track_1381.wav,3
track_1382.wav,3
track_1383.wav,3
track_1384.wav,3
track_1385.wav,3
track_1386.wav,3
track_1387.wav,3
track_1388.wav,3
track_1389.wav,3
track_1390.wav,3
track_1391.wav,3
track_1392.wav,3
track_1393.wav,3
track_1394.wav,3
track_1395.wav,3
track_1396.wav,3
track_1397.wav,3
track_1398.wav,3
track_1399.wav,3
track_1400.wav,3
track_1401.wav,3
track_1402.wav,3
track_1403.wav,3
track_1404.wav,3
track_1405.wav,3
track_1406.wav,3
track_1407.wav,3
track_1408.wav,3
track_1409.wav,3
track_1410.wav,3
track_1411.wav,3
track_1412.wav,3
track_1413.wav,3
track_1414.wav,3
track_1415.wav,3
track_1416.wav,3
track_1417.wav,3
track_1418.wav,3
track_1419.wav,3
track_1420.wav,3
track_1421.wav,3
track_1422.wav,3
track_1423.wav,3
track_1424.wav,3
track_1425.wav,3
track_1426.wav,3
track_1427.wav,3
track_1428.wav,3
track_1429.wav,3
track_1430.wav,3
track_1431.wav,3
track_1432.wav,3
track_1433.wav,3
track_1434.wav,3
track_1435.wav,3
track_1436.wav,3
track_1437.wav,3
track_1438.wav,3
track_1439.wav,3
track_1441.wav,3
track_1442.wav,3
track_1443.wav,3
track_1444.wav,3
track_1445.wav,3
track_1446.wav,3
track_1447.wav,3
track_1448.wav,3
track_1449.wav,3
track_1450.wav,3
track_1451.wav,3
track_1452.wav,3
track_1453.wav,3
track_1454.wav,3
track_1455.wav,3
track_1456.wav,3
track_1457.wav,3
track_1458.wav,3
track_1459.wav,3
track_1460.wav,3
track_1461.wav,3
track_1463.wav,3
track_1464.wav,3
track_1465.wav,3
track_1466.wav,3
track_1467.wav,3
track_1468.wav,3
track_1469.wav,3
track_1470.wav,3
track_1471.wav,3
track_1472.wav,3
track_1473.wav,3
track_1474.wav,3
track_1475.wav,3
track_1476.wav,3
track_1477.wav,3
track_1478.wav,3
track_1479.wav,3
track_1480.wav,3
track_1481.wav,3
track_1482.wav,3
track_1483.wav,3
track_1484.wav,3
track_1485.wav,3
track_1486.wav,3
track_1487.wav,3
track_1488.wav,3
track_1489.wav,3
track_1490.wav,3
track_1491.wav,3
track_1492.wav,3
track_1493.wav,3
track_1494.wav,3
track_1495.wav,3
track_1496.wav,3
track_1497.wav,3
track_1499.wav,3
track_1500.wav,3
track_1501.wav,3
track_1502.wav,3
track_1503.wav,3
track_1504.wav,3
track_1505.wav,3
track_1506.wav,3
track_1507.wav,3
track_1508.wav,3
track_1509.wav,3
track_1510.wav,3
track_1511.wav,3
track_1512.wav,3
track_1513.wav,3
track_1514.wav,3
track_1515.wav,3
track_1516.wav,3
track_1517.wav,3
track_1518.wav,3
track_1519.wav,3
track_1520.wav,3
track_1521.wav,3
track_1522.wav,3
track_1524.wav,3
track_1525.wav,3
track_1526.wav,3
track_1527.wav,3
track_1528.wav,3
track_1529.wav,3
track_1530.wav,3
track_1531.wav,3
track_1532.wav,3
track_1533.wav,3
track_1534.wav,3
track_1535.wav,3
track_1536.wav,3
track_1537.wav,3
track_1538.wav,3
track_1539.wav,3
track_1540.wav,3
track_1541.wav,3
track_1542.wav,3
track_1543.wav,3
track_1544.wav,3
track_1545.wav,3
track_1546.wav,3
track_1547.wav,3
track_1548.wav,3
track_1549.wav,3
track_1551.wav,3
track_1552.wav,3
track_1553.wav,3
track_1554.wav,3
track_1555.wav,3
track_1556.wav,3
track_1557.wav,3
track_1558.wav,3
track_1559.wav,3
track_1560.wav,3
track_1561.wav,3
track_1562.wav,3
track_1564.wav,3
track_1565.wav,3
track_1566.wav,3
track_1567.wav,3
track_1568.wav,3
track_1569.wav,3
track_1570.wav,3
track_1571.wav,3
track_1572.wav,3
track_1573.wav,3
track_1574.wav,3
track_1575.wav,3
track_1576.wav,3
track_1577.wav,3
track_1578.wav,3
track_1579.wav,3
track_1580.wav,3
track_1581.wav,3
track_1582.wav,3
track_1583.wav,3
track_1584.wav,3
track_1585.wav,3
track_1586.wav,3
track_1587.wav,3
track_1588.wav,3
track_1589.wav,3
track_1591.wav,3
track_1592.wav,3
track_1594.wav,3
track_1595.wav,3
track_1596.wav,3
track_1597.wav,3
track_1598.wav,3
track_1599.wav,3
track_1600.wav,3
track_1601.wav,3
track_1602.wav,3
track_1603.wav,3
track_1604.wav,3
track_1605.wav,3
track_1606.wav,3
track_1608.wav,3
track_1609.wav,3
track_1610.wav,3
track_1611.wav,3
track_1612.wav,3
track_1613.wav,3
track_1614.wav,3
track_1615.wav,3
track_1616.wav,3
track_1617.wav,3
track_1618.wav,3
track_1619.wav,3
track_1620.wav,3
track_1621.wav,3
track_1622.wav,3
track_1623.wav,3
track_1624.wav,3
track_1625.wav,3
track_1626.wav,3
track_1627.wav,3
track_1628.wav,3
track_1629.wav,3
track_1630.wav,3
track_1631.wav,3
track_1632.wav,3
track_1634.wav,3
track_1635.wav,3
track_1636.wav,3
track_1637.wav,3
track_1638.wav,3
track_1639.wav,3
track_1640.wav,3
track_1641.wav,3
track_1642.wav,3
track_1643.wav,3
track_1644.wav,3
track_1645.wav,3
track_1646.wav,3
track_1648.wav,3
track_1649.wav,3
track_1650.wav,3
track_1651.wav,3
track_1652.wav,3
track_1653.wav,3
track_1654.wav,3
track_1655.wav,3
track_1656.wav,3
track_1657.wav,3
track_1658.wav,3
track_1659.wav,3
track_1660.wav,3
track_1661.wav,3
track_1662.wav,3
track_1663.wav,3
track_1664.wav,3
track_1665.wav,3
track_1666.wav,3
track_1667.wav,3
track_1668.wav,3
track_1669.wav,3
track_1670.wav,3
track_1671.wav,3
track_1672.wav,3
track_1673.wav,3
track_1674.wav,3
track_1675.wav,3
track_1676.wav,3
track_1677.wav,3
track_1678.wav,3
track_1679.wav,3
track_1680.wav,3
track_1681.wav,3
track_1682.wav,3
track_1683.wav,3
track_1684.wav,3
track_1685.wav,3
track_1686.wav,3
track_1687.wav,3
track_1688.wav,3
track_1689.wav,3
track_1690.wav,3
track_1691.wav,3
track_1692.wav,3
track_1693.wav,3
track_1694.wav,3
track_1695.wav,3
track_1696.wav,3
track_1697.wav,3
track_1698.wav,3
track_1699.wav,3
track_1700.wav,3
track_1701.wav,3
track_1702.wav,3
track_1703.wav,3
track_1704.wav,3
track_1705.wav,3
track_1706.wav,3
track_1708.wav,3
track_1709.wav,3
track_1710.wav,3
track_1711.wav,3
track_1712.wav,3
track_1713.wav,3
track_1714.wav,3
track_1715.wav,3
track_1716.wav,3
track_1717.wav,3
track_1718.wav,3
track_1719.wav,3
track_1720.wav,3
track_1721.wav,3
track_1722.wav,3
track_1723.wav,3
track_1724.wav,3
track_1725.wav,3
track_1726.wav,3
track_1727.wav,3
track_1728.wav,3
track_1729.wav,3
track_1730.wav,3
track_1731.wav,3
track_1732.wav,3
track_1733.wav,3
track_1734.wav,3
track_1735.wav,3
track_1736.wav,3
track_1737.wav,3
track_1738.wav,3
track_1739.wav,3
track_1740.wav,3
track_1741.wav,3
track_1742.wav,3
track_1743.wav,3
track_1744.wav,3
track_1745.wav,3
track_1746.wav,3
track_1747.wav,3
track_1748.wav,3
track_1749.wav,3
track_1750.wav,3
track_1751.wav,3
track_1752.wav,3
track_1753.wav,3
track_1754.wav,3
track_1755.wav,3
track_1756.wav,3
track_1757.wav,3
track_1758.wav,3
track_1759.wav,3
track_1760.wav,3
track_1761.wav,3
track_1762.wav,3
track_1763.wav,3
track_1764.wav,3
track_1765.wav,3
track_1766.wav,3
track_1767.wav,3
track_1768.wav,3
track_1769.wav,3
track_1770.wav,3
track_1771.wav,3
track_1772.wav,3
track_1773.wav,3
track_1774.wav,3
track_1775.wav,3
track_1776.wav,3
track_1777.wav,3
track_1778.wav,3
track_1779.wav,3
track_1780.wav,3
track_1781.wav,3
track_1782.wav,3
track_1783.wav,3
track_1784.wav,3
track_1785.wav,3
track_1786.wav,3
track_1787.wav,3
track_1788.wav,3
track_1789.wav,3
track_1790.wav,3
track_1791.wav,3
track_1792.wav,3
track_1793.wav,3
track_1794.wav,3
track_1795.wav,3
track_1796.wav,3
track_1797.wav,3
track_1798.wav,3
track_1799.wav,3
track_1800.wav,3
track_1801.wav,3
track_1802.wav,3
track_1803.wav,3
track_1804.wav,3
track_1805.wav,3
track_1806.wav,3
track_1807.wav,3
track_1808.wav,3
track_1809.wav,3
track_1810.wav,3
track_1811.wav,3
track_1812.wav,3
track_1814.wav,3
track_1815.wav,3
track_1816.wav,3
track_1817.wav,3
track_1818.wav,3
track_1819.wav,3
track_1820.wav,3
track_1821.wav,3
track_1822.wav,3
track_1823.wav,3
track_1824.wav,3
track_1825.wav,3
track_1826.wav,3
track_1827.wav,3
track_1828.wav,3
track_1829.wav,3
track_1830.wav,3
track_1831.wav,3
track_1832.wav,3
track_1833.wav,3
track_1834.wav,3
track_1835.wav,3
track_1836.wav,3
track_1837.wav,3
track_1838.wav,3
track_1839.wav,3
track_1840.wav,3
track_1841.wav,3
track_1842.wav,3
track_1843.wav,3
track_1844.wav,3
track_1845.wav,3
track_1846.wav,3
track_1847.wav,3
track_1848.wav,3
track_1849.wav,3
track_1850.wav,3
track_1851.wav,3
track_1852.wav,3
track_1853.wav,3
track_1854.wav,3
track_1856.wav,3
track_1857.wav,3
track_1858.wav,3
track_1859.wav,3
track_1860.wav,3
track_1861.wav,3
track_1862.wav,3
track_1863.wav,3
track_1864.wav,3
track_1865.wav,3
track_1866.wav,3
track_1867.wav,3
track_1868.wav,3
track_1869.wav,3
track_1870.wav,3
track_1871.wav,3
track_1872.wav,3
track_1873.wav,3
track_1874.wav,3
track_1875.wav,3
track_1876.wav,3
track_1877.wav,3
track_1878.wav,3
track_1879.wav,3
track_1880.wav,3
track_1881.wav,3
track_1882.wav,3
track_1883.wav,3
track_1884.wav,3
track_1885.wav,3
track_1886.wav,3
track_1887.wav,3
track_1888.wav,3
track_1889.wav,3
track_1890.wav,3
track_1891.wav,3
track_1892.wav,3
track_1893.wav,3
track_1894.wav,3
track_1895.wav,3
track_1896.wav,3
track_1897.wav,3
track_1898.wav,3
track_1899.wav,3
track_1900.wav,3
track_1902.wav,3
track_1903.wav,3
track_1904.wav,3
track_1905.wav,3
track_1906.wav,3
track_1907.wav,3
track_1908.wav,3
track_1909.wav,3
track_1910.wav,3
track_1911.wav,3
track_1912.wav,3
track_1913.wav,3
track_1914.wav,3
track_1915.wav,3
track_1916.wav,3
track_1917.wav,3
track_1918.wav,3
track_1919.wav,3
track_1920.wav,3
track_1921.wav,3
track_1922.wav,3
track_1923.wav,3
track_1924.wav,3
track_1925.wav,3
track_1927.wav,3
track_1928.wav,3
track_1929.wav,3
track_1930.wav,3
track_1931.wav,3
track_1932.wav,3
track_1933.wav,3
track_1934.wav,3
track_1935.wav,3
track_1936.wav,3
track_1937.wav,3
track_1938.wav,3
track_1939.wav,3
track_1940.wav,3
track_1941.wav,3
track_1942.wav,3
track_1943.wav,3
track_1944.wav,3
track_1945.wav,3
track_1946.wav,3
track_1947.wav,3
track_1948.wav,3
track_1949.wav,3
track_1950.wav,3
track_1951.wav,3
track_1952.wav,3
track_1953.wav,3
track_1954.wav,3
track_1955.wav,3
track_1956.wav,3
track_1957.wav,3
track_1958.wav,3
track_1959.wav,3
track_1960.wav,3
track_1961.wav,3
track_1962.wav,3
track_1963.wav,3
track_1965.wav,3
track_1966.wav,3
track_1967.wav,3
track_1968.wav,3
track_1969.wav,3
track_1970.wav,3
track_1971.wav,3
track_1972.wav,3
track_1973.wav,3
track_1975.wav,3
track_1976.wav,3
track_1977.wav,3
track_1978.wav,3
track_1979.wav,3
track_1980.wav,3
track_1981.wav,3
track_1982.wav,3
track_1983.wav,3
track_1984.wav,3
track_1985.wav,3
track_1986.wav,3
track_1987.wav,3
track_1988.wav,3
track_1989.wav,3
track_1990.wav,3
track_1991.wav,3
track_1992.wav,3
track_1993.wav,3
track_1994.wav,3
track_1995.wav,3
track_1996.wav,3
track_1997.wav,3
track_1998.wav,3
track_1999.wav,3
track_2000.wav,3
track_2001.wav,3
track_2002.wav,3
track_2003.wav,3
track_2004.wav,3
track_2005.wav,3
track_2006.wav,3
track_2007.wav,3
track_2008.wav,3
track_2010.wav,3
track_2011.wav,3
track_2012.wav,3
track_2013.wav,3
track_2014.wav,3
track_2015.wav,3
track_2016.wav,3
track_2018.wav,3
track_2019.wav,3
track_2020.wav,3
track_2021.wav,3
track_2022.wav,3
track_2024.wav,3
track_2025.wav,3
track_2026.wav,3
track_2027.wav,3
track_2028.wav,3
track_2029.wav,3
track_2030.wav,3
track_2031.wav,3
track_2032.wav,3
track_2033.wav,3
track_2034.wav,3
track_2035.wav,3
track_2036.wav,3
track_2037.wav,3
track_2038.wav,3
track_2039.wav,3
track_2040.wav,3
track_2041.wav,3
track_2042.wav,3
track_2043.wav,3
track_2044.wav,3
track_2045.wav,3
track_2046.wav,3
track_2047.wav,3
track_2048.wav,3
track_2049.wav,3
track_2050.wav,3
track_2052.wav,3
track_2053.wav,3
track_2054.wav,3
track_2055.wav,3
track_2056.wav,3
track_2057.wav,3
track_2058.wav,3
track_2059.wav,3
track_2060.wav,3
track_2061.wav,3
track_2062.wav,3
track_2064.wav,3
track_2065.wav,3
track_2066.wav,3
track_2067.wav,3
track_2068.wav,3
track_2069.wav,3
track_2070.wav,3
track_2071.wav,3
track_2072.wav,3
track_2074.wav,3
track_2075.wav,3
track_2076.wav,3
track_2077.wav,3
track_2078.wav,3
track_2080.wav,3
track_2081.wav,3
track_2082.wav,3
track_2083.wav,3
track_2084.wav,3
track_2085.wav,3
track_2086.wav,3
track_2087.wav,3
track_2088.wav,3
track_2089.wav,3
track_2090.wav,3
track_2092.wav,3
track_2093.wav,3
track_2094.wav,3
track_2095.wav,3
track_2096.wav,3
track_2098.wav,3
track_2099.wav,3
track_2101.wav,3
track_2102.wav,3
track_2103.wav,3
track_2104.wav,3
track_2105.wav,3
track_2107.wav,3
track_2108.wav,3
track_2109.wav,3
track_2110.wav,3
track_2111.wav,3
track_2112.wav,3
track_2114.wav,3
track_2115.wav,3
track_2116.wav,3
track_2117.wav,3
track_2118.wav,3
track_2119.wav,3
track_2120.wav,3
track_2121.wav,3
track_2122.wav,3
track_2123.wav,3
track_2124.wav,3
track_2125.wav,3
track_2126.wav,3
track_2127.wav,3
track_2128.wav,3
track_2129.wav,3
track_2130.wav,3
track_2132.wav,3
track_2133.wav,3
track_2134.wav,3
track_2135.wav,3
track_2136.wav,3
track_2137.wav,3
track_2138.wav,3
track_2139.wav,3
track_2140.wav,3
track_2141.wav,3
track_2142.wav,3
track_2143.wav,3
track_2144.wav,3
track_2145.wav,3
track_2146.wav,3
track_2147.wav,3
track_2148.wav,3
track_2149.wav,3
track_2151.wav,3
track_2152.wav,3
track_2153.wav,3
track_2154.wav,3
track_2155.wav,3
track_2156.wav,3
track_2157.wav,3
track_2158.wav,3
track_2159.wav,3
track_2161.wav,3
track_2162.wav,3
track_2163.wav,3
track_2164.wav,3
track_2165.wav,3
track_2167.wav,3
track_2168.wav,3
track_2169.wav,3
track_2170.wav,3
track_2171.wav,3
track_2172.wav,3
track_2173.wav,3
track_2174.wav,3
track_2175.wav,3
track_2176.wav,3
track_2177.wav,3
track_2178.wav,3
track_2179.wav,3
track_2180.wav,3
track_2181.wav,3
track_2182.wav,3
track_2183.wav,3
track_2184.wav,3
track_2185.wav,3
track_2186.wav,3
track_2187.wav,3
track_2188.wav,3
track_2189.wav,3
track_2190.wav,3
track_2191.wav,3
track_2192.wav,3
track_2194.wav,3
track_2195.wav,3
track_2196.wav,3
track_2197.wav,3
track_2198.wav,3
track_2199.wav,3
track_2200.wav,3
track_2201.wav,3
track_2202.wav,3
track_2203.wav,3
track_2204.wav,3
track_2205.wav,3
track_2206.wav,3
track_2207.wav,3
track_2209.wav,3
track_2210.wav,3
track_2211.wav,3
track_2212.wav,3
track_2213.wav,3
track_2214.wav,3
track_2215.wav,3
track_2216.wav,3
track_2217.wav,3
track_2218.wav,3
track_2219.wav,3
track_2220.wav,3
track_2221.wav,3
track_2222.wav,3
track_2223.wav,3
track_2225.wav,3
track_2226.wav,3
track_2227.wav,3
track_2228.wav,3
track_2229.wav,3
track_2230.wav,3
track_2231.wav,3
track_2232.wav,3
track_2233.wav,3
track_2234.wav,3
track_2235.wav,3
track_2236.wav,3
track_2237.wav,3
track_2238.wav,3
track_2240.wav,3
track_2241.wav,3
track_2242.wav,3
track_2243.wav,3
track_2244.wav,3
track_2245.wav,3
track_2246.wav,3
track_2247.wav,3
track_2248.wav,3
track_2249.wav,3
track_2250.wav,3
track_2251.wav,3
track_2252.wav,3
track_2253.wav,3
track_2254.wav,3
track_2255.wav,3
track_2256.wav,3
track_2258.wav,3
track_2260.wav,3
track_2261.wav,3
track_2262.wav,3
track_2263.wav,3
track_2264.wav,3
track_2265.wav,3
track_2266.wav,3
track_2267.wav,3
track_2268.wav,3
track_2269.wav,3
track_2270.wav,3
track_2271.wav,3
track_2272.wav,3
track_2273.wav,3
track_2275.wav,3
track_2276.wav,3
track_2277.wav,3
track_2278.wav,3
track_2279.wav,3
track_2280.wav,3
track_2281.wav,3
track_2282.wav,3
track_2283.wav,3
track_2284.wav,3
track_2285.wav,3
track_2286.wav,3
track_2287.wav,3
track_2288.wav,3
track_2289.wav,3
track_2290.wav,3
track_2291.wav,3
track_2292.wav,3
track_2294.wav,3
track_2295.wav,3
track_2296.wav,3
track_2297.wav,3
track_2298.wav,3
track_2299.wav,3
track_2300.wav,3
track_2301.wav,3
track_2302.wav,3
track_2303.wav,3
track_2304.wav,3
track_2305.wav,3
track_2307.wav,3
track_2308.wav,3
track_2309.wav,3
track_2310.wav,3
track_2311.wav,3
track_2312.wav,3
track_2313.wav,3
track_2314.wav,3
track_2315.wav,3
track_2316.wav,3
track_2317.wav,3
track_2318.wav,3
track_2319.wav,3
track_2320.wav,3
track_2321.wav,3
track_2322.wav,3
track_2323.wav,3
track_2324.wav,3
track_2325.wav,3
track_2326.wav,3
track_2327.wav,3
track_2328.wav,3
track_2329.wav,3
track_2330.wav,3
track_2331.wav,3
track_2333.wav,3
track_2334.wav,3
track_2335.wav,3
track_2336.wav,3
track_2337.wav,3
track_2338.wav,3
track_2339.wav,3
track_2340.wav,3
track_2341.wav,3
track_2342.wav,3
track_2343.wav,3
track_2344.wav,3
track_2345.wav,3
track_2346.wav,3
track_2347.wav,3
track_2348.wav,3
track_2349.wav,3
track_2350.wav,3
track_2351.wav,3
track_2353.wav,3
track_2354.wav,3
track_2355.wav,3
track_2356.wav,3
track_2357.wav,3
track_2358.wav,3
track_2359.wav,3
track_2360.wav,3
track_2361.wav,3
track_2362.wav,3
track_2363.wav,3
track_2364.wav,3
track_2365.wav,3
track_2366.wav,3
track_2367.wav,3
track_2368.wav,3
track_2369.wav,3
track_2370.wav,3
track_2371.wav,3
track_2372.wav,3
track_2373.wav,3
track_2374.wav,3
track_2375.wav,3
track_2376.wav,3
track_2377.wav,3
track_2378.wav,3
track_2379.wav,3
track_2381.wav,3
track_2382.wav,3
track_2383.wav,3
track_2385.wav,3
track_2386.wav,3
track_2387.wav,3
track_2388.wav,3
track_2389.wav,3
track_2390.wav,3
track_2391.wav,3
track_2392.wav,3
track_2393.wav,3
track_2394.wav,3
track_2395.wav,3
track_2396.wav,3
track_2397.wav,3
track_2398.wav,3
track_2399.wav,3
track_2400.wav,3
track_2401.wav,1
track_2403.wav,1
track_2404.wav,1
track_2405.wav,1
track_2406.wav,1
track_2407.wav,1
track_2408.wav,1
track_2409.wav,1
track_2410.wav,1
track_2411.wav,1
track_2412.wav,1
track_2413.wav,1
track_2414.wav,1
track_2415.wav,1
track_2416.wav,1
track_2417.wav,1
track_2418.wav,1
track_2419.wav,1
track_2420.wav,1
track_2421.wav,1
track_2422.wav,1
track_2423.wav,1
track_2424.wav,1
track_2425.wav,1
track_2426.wav,1
track_2427.wav,1
track_2429.wav,1
track_2430.wav,1
track_2431.wav,1
track_2432.wav,1
track_2433.wav,1
track_2434.wav,1
track_2435.wav,1
track_2436.wav,1
track_2437.wav,1
track_2438.wav,1
track_2439.wav,1
track_2440.wav,1
track_2441.wav,1
track_2442.wav,1
track_2443.wav,1
track_2444.wav,1
track_2445.wav,1
track_2446.wav,1
track_2447.wav,1
track_2448.wav,1
track_2449.wav,1
track_2450.wav,1
track_2451.wav,1
track_2452.wav,1
track_2453.wav,1
track_2454.wav,1
track_2455.wav,1
track_2456.wav,1
track_2457.wav,1
track_2458.wav,1
track_2459.wav,1
track_2460.wav,1
track_2462.wav,1
track_2463.wav,1
track_2464.wav,1
track_2465.wav,1
track_2466.wav,1
track_2467.wav,1
track_2468.wav,1
track_2469.wav,1
track_2471.wav,1
track_2472.wav,1
track_2473.wav,1
track_2474.wav,1
track_2475.wav,1
track_2476.wav,1
track_2477.wav,1
track_2478.wav,1
track_2479.wav,1
track_2480.wav,1
track_2481.wav,1
track_2482.wav,1
track_2483.wav,1
track_2484.wav,1
track_2485.wav,1
track_2486.wav,1
track_2487.wav,1
track_2488.wav,1
track_2489.wav,1
track_2490.wav,1
track_2491.wav,1
track_2492.wav,1
track_2493.wav,1
track_2494.wav,1
track_2495.wav,1
track_2496.wav,1
track_2497.wav,1
track_2498.wav,1
track_2499.wav,1
track_2500.wav,1
track_2501.wav,1
track_2503.wav,1
track_2504.wav,1
track_2505.wav,1
track_2506.wav,1
track_2507.wav,1
track_2508.wav,1
track_2509.wav,1
track_2510.wav,1
track_2511.wav,1
track_2512.wav,1
track_2513.wav,1
track_2514.wav,1
track_2515.wav,1
track_2516.wav,1
track_2517.wav,1
track_2518.wav,1
track_2519.wav,1
track_2520.wav,1
track_2521.wav,1
track_2522.wav,1
track_2523.wav,1
track_2525.wav,1
track_2526.wav,1
track_2527.wav,1
track_2528.wav,1
track_2530.wav,1
track_2531.wav,1
track_2532.wav,1
track_2534.wav,1
track_2535.wav,1
track_2536.wav,1
track_2537.wav,1
track_2538.wav,1
track_2539.wav,1
track_2541.wav,1
track_2542.wav,1
track_2543.wav,1
track_2544.wav,1
track_2545.wav,1
track_2546.wav,1
track_2547.wav,1
track_2548.wav,1
track_2549.wav,1
track_2550.wav,1
track_2551.wav,1
track_2552.wav,1
track_2553.wav,1
track_2554.wav,1
track_2555.wav,1
track_2556.wav,1
track_2557.wav,1
track_2558.wav,1
track_2559.wav,1
track_2560.wav,1
track_2561.wav,1
track_2563.wav,1
track_2564.wav,1
track_2565.wav,1
track_2566.wav,1
track_2567.wav,1
track_2568.wav,1
track_2569.wav,1
track_2571.wav,1
track_2572.wav,1
track_2573.wav,1
track_2574.wav,1
track_2575.wav,1
track_2576.wav,1
track_2577.wav,1
track_2578.wav,1
track_2580.wav,1
track_2582.wav,1
track_2583.wav,1
track_2585.wav,1
track_2586.wav,1
track_2587.wav,1
track_2588.wav,1
track_2589.wav,1
track_2590.wav,1
track_2591.wav,1
track_2592.wav,1
track_2593.wav,1
track_2594.wav,1
track_2595.wav,1
track_2596.wav,1
track_2597.wav,1
track_2598.wav,1
track_2599.wav,1
track_2600.wav,1
track_2601.wav,1
track_2602.wav,1
track_2603.wav,1
track_2604.wav,1
track_2605.wav,1
track_2606.wav,1
track_2607.wav,1
track_2608.wav,1
track_2609.wav,1
track_2610.wav,1
track_2611.wav,1
track_2613.wav,1
track_2614.wav,1
track_2616.wav,1
track_2617.wav,1
track_2618.wav,1
track_2619.wav,1
track_2620.wav,1
track_2621.wav,1
track_2622.wav,1
track_2624.wav,1
track_2625.wav,1
track_2626.wav,1
track_2627.wav,1
track_2628.wav,1
track_2629.wav,1
track_2630.wav,1
track_2631.wav,1
track_2632.wav,1
track_2633.wav,1
track_2634.wav,1
track_2635.wav,1
track_2636.wav,1
track_2637.wav,1
track_2638.wav,1
track_2639.wav,1
track_2640.wav,1
track_2641.wav,1
track_2642.wav,1
track_2643.wav,1
track_2644.wav,1
track_2645.wav,1
track_2646.wav,1
track_2647.wav,1
track_2648.wav,1
track_2649.wav,1
track_2650.wav,1
track_2651.wav,1
track_2652.wav,1
track_2653.wav,1
track_2654.wav,1
track_2655.wav,1
track_2656.wav,1
track_2657.wav,1
track_2658.wav,1
track_2659.wav,1
track_2660.wav,1
track_2661.wav,1
track_2662.wav,1
track_2663.wav,1
track_2664.wav,1
track_2665.wav,1
track_2666.wav,1
track_2667.wav,1
track_2668.wav,1
track_2669.wav,1
track_2670.wav,1
track_2671.wav,1
track_2672.wav,1
track_2673.wav,1
track_2674.wav,1
track_2675.wav,1
track_2676.wav,1
track_2677.wav,1
track_2678.wav,1
track_2680.wav,1
track_2681.wav,1
track_2682.wav,1
track_2683.wav,1
track_2684.wav,1
track_2685.wav,1
track_2686.wav,1
track_2687.wav,1
track_2688.wav,1
track_2689.wav,1
track_2690.wav,1
track_2691.wav,1
track_2692.wav,1
track_2693.wav,1
track_2694.wav,1
track_2695.wav,1
track_2696.wav,1
track_2697.wav,1
track_2698.wav,1
track_2699.wav,1
track_2700.wav,1
track_2701.wav,1
track_2702.wav,1
track_2703.wav,1
track_2704.wav,1
track_2705.wav,1
track_2706.wav,1
track_2707.wav,1
track_2708.wav,1
track_2709.wav,1
track_2710.wav,1
track_2711.wav,1
track_2712.wav,1
track_2713.wav,1
track_2714.wav,1
track_2716.wav,1
track_2717.wav,1
track_2718.wav,1
track_2719.wav,1
track_2720.wav,1
track_2721.wav,1
track_2724.wav,1
track_2725.wav,1
track_2726.wav,1
track_2727.wav,1
track_2728.wav,1
track_2729.wav,1
track_2730.wav,1
track_2731.wav,1
track_2732.wav,1
track_2733.wav,1
track_2734.wav,1
track_2735.wav,1
track_2736.wav,1
track_2737.wav,1
track_2738.wav,1
track_2739.wav,1
track_2740.wav,1
track_2741.wav,1
track_2742.wav,1
track_2743.wav,1
track_2744.wav,1
track_2745.wav,1
track_2746.wav,1
track_2748.wav,1
track_2749.wav,1
track_2751.wav,1
track_2752.wav,1
track_2753.wav,1
track_2754.wav,1
track_2755.wav,1
track_2756.wav,1
track_2757.wav,1
track_2758.wav,1
track_2759.wav,1
track_2760.wav,1
track_2761.wav,1
track_2763.wav,1
track_2764.wav,1
track_2765.wav,1
track_2766.wav,1
track_2767.wav,1
track_2768.wav,1
track_2769.wav,1
track_2770.wav,1
track_2771.wav,1
track_2772.wav,1
track_2773.wav,1
track_2775.wav,1
track_2776.wav,1
track_2777.wav,1
track_2778.wav,1
track_2780.wav,1
track_2781.wav,1
track_2782.wav,1
track_2783.wav,1
track_2784.wav,1
track_2785.wav,1
track_2786.wav,1
track_2787.wav,1
track_2788.wav,1
track_2789.wav,1
track_2790.wav,1
track_2792.wav,1
track_2793.wav,1
track_2794.wav,1
track_2795.wav,1
track_2796.wav,1
track_2797.wav,1
track_2798.wav,1
track_2799.wav,1
track_2801.wav,1
track_2802.wav,1
track_2803.wav,1
track_2804.wav,1
track_2805.wav,1
track_2806.wav,1
track_2807.wav,1
track_2808.wav,1
track_2809.wav,1
track_2810.wav,1
track_2811.wav,1
track_2812.wav,1
track_2813.wav,1
track_2814.wav,1
track_2815.wav,1
track_2816.wav,1
track_2817.wav,1
track_2818.wav,1
track_2819.wav,1
track_2821.wav,1
track_2822.wav,1
track_2823.wav,1
track_2824.wav,1
track_2825.wav,1
track_2826.wav,1
track_2827.wav,1
track_2828.wav,1
track_2829.wav,1
track_2830.wav,1
track_2831.wav,1
track_2832.wav,1
track_2833.wav,1
track_2834.wav,1
track_2835.wav,1
track_2836.wav,1
track_2837.wav,1
track_2838.wav,1
track_2839.wav,1
track_2840.wav,1
track_2841.wav,1
track_2842.wav,1
track_2843.wav,1
track_2844.wav,1
track_2845.wav,1
track_2846.wav,1
track_2847.wav,1
track_2848.wav,1
track_2849.wav,1
track_2850.wav,1
track_2851.wav,1
track_2852.wav,1
track_2853.wav,1
track_2854.wav,1
track_2855.wav,1
track_2856.wav,1
track_2857.wav,1
track_2858.wav,1
track_2859.wav,1
track_2860.wav,1
track_2861.wav,1
track_2862.wav,1
track_2863.wav,1
track_2864.wav,1
track_2865.wav,1
track_2866.wav,1
track_2867.wav,1
track_2868.wav,1
track_2869.wav,1
track_2870.wav,1
track_2871.wav,1
track_2872.wav,1
track_2874.wav,1
track_2875.wav,1
track_2876.wav,1
track_2877.wav,1
track_2878.wav,1
track_2879.wav,1
track_2880.wav,1
track_2881.wav,1
track_2882.wav,1
track_2883.wav,1
track_2884.wav,1
track_2885.wav,1
track_2886.wav,1
track_2887.wav,1
track_2888.wav,1
track_2889.wav,1
track_2890.wav,1
track_2891.wav,1
track_2893.wav,1
track_2894.wav,1
track_2895.wav,1
track_2896.wav,1
track_2897.wav,1
track_2899.wav,1
track_2900.wav,1
track_2901.wav,1
track_2902.wav,1
track_2903.wav,1
track_2904.wav,1
track_2905.wav,1
track_2906.wav,1
track_2907.wav,1
track_2908.wav,1
track_2909.wav,1
track_2910.wav,1
track_2911.wav,1
track_2912.wav,1
track_2913.wav,1
track_2914.wav,1
track_2915.wav,1
track_2916.wav,1
track_2917.wav,1
track_2918.wav,1
track_2919.wav,1
track_2920.wav,1
track_2921.wav,1
track_2922.wav,1
track_2923.wav,1
track_2924.wav,1
track_2925.wav,1
track_2926.wav,1
track_2927.wav,1
track_2928.wav,1
track_2930.wav,1
track_2931.wav,1
track_2932.wav,1
track_2933.wav,1
track_2934.wav,1
track_2936.wav,1
track_2937.wav,1
track_2938.wav,1
track_2939.wav,1
track_2940.wav,1
track_2941.wav,1
track_2942.wav,1
track_2943.wav,1
track_2944.wav,1
track_2945.wav,1
track_2946.wav,1
track_2947.wav,1
track_2948.wav,1
track_2949.wav,1
track_2950.wav,1
track_2951.wav,1
track_2952.wav,1
track_2954.wav,1
track_2955.wav,1
track_2956.wav,1
track_2957.wav,1
track_2958.wav,1
track_2959.wav,1
track_2961.wav,1
track_2962.wav,1
track_2963.wav,1
track_2964.wav,1
track_2965.wav,1
track_2966.wav,1
track_2967.wav,1
track_2969.wav,1
track_2970.wav,1
track_2971.wav,1
track_2972.wav,1
track_2973.wav,1
track_2974.wav,1
track_2975.wav,1
track_2976.wav,1
track_2977.wav,1
track_2978.wav,1
track_2979.wav,1
track_2980.wav,1
track_2981.wav,1
track_2982.wav,1
track_2983.wav,1
track_2984.wav,1
track_2985.wav,1
track_2986.wav,1
track_2987.wav,1
track_2988.wav,1
track_2989.wav,1
track_2990.wav,1
track_2991.wav,1
track_2992.wav,1
track_2993.wav,1
track_2994.wav,1
track_2995.wav,1
track_2996.wav,1
track_2997.wav,1
track_2998.wav,1
track_2999.wav,1
track_3000.wav,1
track_3001.wav,1
track_3002.wav,1
track_3003.wav,1
track_3004.wav,1
track_3005.wav,1
track_3006.wav,1
track_3007.wav,1
track_3008.wav,1
track_3009.wav,1
track_3010.wav,1
track_3011.wav,1
track_3012.wav,1
track_3013.wav,1
track_3014.wav,1
track_3015.wav,1
track_3016.wav,1
track_3017.wav,1
track_3018.wav,1
track_3020.wav,1
track_3021.wav,1
track_3022.wav,1
track_3023.wav,1
track_3024.wav,1
track_3025.wav,1
track_3026.wav,1
track_3027.wav,1
track_3028.wav,1
track_3029.wav,1
track_3030.wav,1
track_3031.wav,1
track_3032.wav,1
track_3034.wav,1
track_3035.wav,1
track_3036.wav,1
track_3037.wav,1
track_3038.wav,1
track_3039.wav,1
track_3040.wav,1
track_3041.wav,1
track_3042.wav,1
track_3043.wav,1
track_3044.wav,1
track_3045.wav,1
track_3046.wav,1
track_3047.wav,1
track_3048.wav,1
track_3049.wav,1
track_3050.wav,1
track_3052.wav,1
track_3053.wav,1
track_3054.wav,1
track_3055.wav,1
track_3056.wav,1
track_3057.wav,1
track_3058.wav,1
track_3059.wav,1
track_3060.wav,1
track_3062.wav,1
track_3063.wav,1
track_3064.wav,1
track_3065.wav,1
track_3066.wav,1
track_3067.wav,1
track_3068.wav,1
track_3069.wav,1
track_3070.wav,1
track_3071.wav,1
track_3072.wav,1
track_3073.wav,1
track_3074.wav,1
track_3075.wav,1
track_3076.wav,1
track_3077.wav,1
track_3078.wav,1
track_3079.wav,1
track_3080.wav,1
track_3081.wav,1
track_3082.wav,1
track_3083.wav,1
track_3084.wav,1
track_3085.wav,1
track_3086.wav,1
track_3087.wav,1
track_3088.wav,1
track_3089.wav,1
track_3090.wav,1
track_3091.wav,1
track_3092.wav,1
track_3093.wav,1
track_3094.wav,1
track_3095.wav,1
track_3096.wav,1
track_3097.wav,1
track_3098.wav,1
track_3099.wav,1
track_3100.wav,1
track_3101.wav,1
track_3102.wav,1
track_3103.wav,1
track_3104.wav,1
track_3105.wav,1
track_3106.wav,1
track_3107.wav,1
track_3108.wav,1
track_3109.wav,1
track_3110.wav,1
track_3111.wav,1
track_3112.wav,1
track_3113.wav,1
track_3114.wav,1
track_3115.wav,1
track_3116.wav,1
track_3117.wav,1
track_3118.wav,1
track_3119.wav,1
track_3120.wav,1
track_3121.wav,1
track_3122.wav,1
track_3123.wav,1
track_3124.wav,1
track_3125.wav,1
track_3126.wav,1
track_3127.wav,1
track_3128.wav,1
track_3129.wav,1
track_3130.wav,1
track_3131.wav,1
track_3132.wav,1
track_3133.wav,1
track_3134.wav,1
track_3135.wav,1
track_3136.wav,1
track_3137.wav,1
track_3138.wav,1
track_3140.wav,1
track_3141.wav,1
track_3142.wav,1
track_3143.wav,1
track_3144.wav,1
track_3145.wav,1
track_3146.wav,1
track_3147.wav,1
track_3148.wav,1
track_3149.wav,1
track_3150.wav,1
track_3151.wav,1
track_3152.wav,1
track_3153.wav,1
track_3154.wav,1
track_3155.wav,1
track_3156.wav,1
track_3157.wav,1
track_3158.wav,1
track_3159.wav,1
track_3160.wav,1
track_3161.wav,1
track_3162.wav,1
track_3163.wav,1
track_3164.wav,1
track_3166.wav,1
track_3168.wav,1
track_3169.wav,1
track_3170.wav,1
track_3171.wav,1
track_3172.wav,1
track_3173.wav,1
track_3174.wav,1
track_3175.wav,1
track_3176.wav,1
track_3177.wav,1
track_3178.wav,1
track_3179.wav,1
track_3180.wav,1
track_3181.wav,1
track_3183.wav,1
track_3184.wav,1
track_3185.wav,1
track_3186.wav,1
track_3187.wav,1
track_3188.wav,1
track_3189.wav,1
track_3190.wav,1
track_3191.wav,1
track_3192.wav,1
track_3193.wav,1
track_3194.wav,1
track_3195.wav,1
track_3196.wav,1
track_3197.wav,1
track_3198.wav,1
track_3199.wav,1
track_3200.wav,1
track_3201.wav,1
track_3202.wav,1
track_3203.wav,1
track_3204.wav,1
track_3205.wav,1
track_3206.wav,1
track_3207.wav,1
track_3208.wav,1
track_3209.wav,1
track_3210.wav,1
track_3211.wav,1
track_3212.wav,1
track_3213.wav,1
track_3214.wav,1
track_3215.wav,1
track_3216.wav,1
track_3217.wav,1
track_3218.wav,1
track_3219.wav,1
track_3220.wav,1
track_3221.wav,1
track_3222.wav,1
track_3223.wav,1
track_3224.wav,1
track_3225.wav,1
track_3226.wav,1
track_3227.wav,1
track_3228.wav,1
track_3229.wav,1
track_3230.wav,1
track_3231.wav,1
track_3232.wav,1
track_3233.wav,1
track_3234.wav,1
track_3236.wav,1
track_3237.wav,1
track_3238.wav,1
track_3239.wav,1
track_3241.wav,1
track_3242.wav,1
track_3243.wav,1
track_3244.wav,1
track_3245.wav,1
track_3246.wav,1
track_3247.wav,1
track_3248.wav,1
track_3249.wav,1
track_3250.wav,1
track_3251.wav,1
track_3252.wav,1
track_3253.wav,1
track_3254.wav,1
track_3255.wav,1
track_3256.wav,1
track_3257.wav,1
track_3258.wav,1
track_3259.wav,1
track_3260.wav,1
track_3261.wav,1
track_3262.wav,1
track_3263.wav,1
track_3264.wav,1
track_3265.wav,1
track_3266.wav,1
track_3267.wav,1
track_3268.wav,1
track_3269.wav,1
track_3270.wav,1
track_3271.wav,1
track_3272.wav,1
track_3273.wav,1
track_3274.wav,1
track_3275.wav,1
track_3276.wav,1
track_3277.wav,1
track_3278.wav,1
track_3279.wav,1
track_3280.wav,1
track_3281.wav,1
track_3282.wav,1
track_3283.wav,1
track_3284.wav,1
track_3285.wav,1
track_3286.wav,1
track_3287.wav,1
track_3288.wav,1
track_3290.wav,1
track_3291.wav,1
track_3292.wav,1
track_3293.wav,1
track_3294.wav,1
track_3295.wav,1
track_3296.wav,1
track_3297.wav,1
track_3298.wav,1
track_3299.wav,1
track_3300.wav,1
track_3301.wav,1
track_3302.wav,1
track_3303.wav,1
track_3304.wav,1
track_3306.wav,1
track_3307.wav,1
track_3308.wav,1
track_3309.wav,1
track_3310.wav,1
track_3311.wav,1
track_3312.wav,1
track_3314.wav,1
track_3315.wav,1
track_3316.wav,1
track_3317.wav,1
track_3318.wav,1
track_3320.wav,1
track_3321.wav,1
track_3322.wav,1
track_3323.wav,1
track_3324.wav,1
track_3325.wav,1
track_3326.wav,1
track_3327.wav,1
track_3328.wav,1
track_3329.wav,1
track_3330.wav,1
track_3331.wav,1
track_3332.wav,1
track_3333.wav,1
track_3334.wav,1
track_3335.wav,1
track_3336.wav,1
track_3337.wav,1
track_3338.wav,1
track_3339.wav,1
track_3340.wav,1
track_3341.wav,1
track_3342.wav,1
track_3343.wav,1
track_3344.wav,1
track_3345.wav,1
track_3346.wav,1
track_3347.wav,1
track_3348.wav,1
track_3349.wav,1
track_3350.wav,1
track_3351.wav,1
track_3352.wav,1
track_3353.wav,1
track_3354.wav,1
track_3355.wav,1
track_3356.wav,1
track_3357.wav,1
track_3358.wav,1
track_3359.wav,1
track_3360.wav,1
track_3361.wav,1
track_3363.wav,1
track_3364.wav,1
track_3365.wav,1
track_3367.wav,1
track_3368.wav,1
track_3369.wav,1
track_3370.wav,1
track_3371.wav,1
track_3372.wav,1
track_3373.wav,1
track_3374.wav,1
track_3375.wav,1
track_3376.wav,1
track_3377.wav,1
track_3378.wav,1
track_3379.wav,1
track_3380.wav,1
track_3381.wav,1
track_3383.wav,1
track_3384.wav,1
track_3385.wav,1
track_3386.wav,1
track_3387.wav,1
track_3388.wav,1
track_3389.wav,1
track_3390.wav,1
track_3391.wav,1
track_3392.wav,1
track_3393.wav,1
track_3394.wav,1
track_3395.wav,1
track_3396.wav,1
track_3397.wav,1
track_3398.wav,1
track_3399.wav,1
track_3400.wav,1
track_3401.wav,1
track_3402.wav,1
track_3403.wav,1
track_3404.wav,1
track_3405.wav,1
track_3406.wav,1
track_3407.wav,1
track_3409.wav,1
track_3411.wav,1
track_3412.wav,1
track_3413.wav,1
track_3414.wav,1
track_3415.wav,1
track_3416.wav,1
track_3417.wav,1
track_3418.wav,1
track_3419.wav,1
track_3420.wav,1
track_3421.wav,1
track_3422.wav,1
track_3423.wav,1
track_3424.wav,1
track_3425.wav,1
track_3426.wav,1
track_3427.wav,1
track_3428.wav,1
track_3429.wav,1
track_3430.wav,1
track_3431.wav,1
track_3432.wav,1
track_3433.wav,1
track_3434.wav,1
track_3435.wav,1
track_3436.wav,1
track_3437.wav,1
track_3438.wav,1
track_3439.wav,1
track_3440.wav,1
track_3441.wav,1
track_3442.wav,1
track_3443.wav,1
track_3444.wav,1
track_3445.wav,1
track_3446.wav,1
track_3447.wav,1
track_3448.wav,1
track_3449.wav,1
track_3450.wav,1
track_3451.wav,1
track_3452.wav,1
track_3453.wav,1
track_3454.wav,1
track_3455.wav,1
track_3456.wav,1
track_3457.wav,1
track_3458.wav,1
track_3459.wav,1
track_3460.wav,1
track_3461.wav,1
track_3462.wav,1
track_3463.wav,1
track_3464.wav,1
track_3465.wav,1
track_3466.wav,1
track_3467.wav,1
track_3468.wav,1
track_3469.wav,1
track_3470.wav,1
track_3471.wav,1
track_3473.wav,1
track_3474.wav,1
track_3475.wav,1
track_3476.wav,1
track_3477.wav,1
track_3478.wav,1
track_3479.wav,1
track_3480.wav,1
track_3481.wav,1
track_3482.wav,1
track_3483.wav,1
track_3484.wav,1
track_3485.wav,1
track_3486.wav,1
track_3487.wav,1
track_3488.wav,1
track_3489.wav,1
track_3490.wav,1
track_3491.wav,1
track_3492.wav,1
track_3493.wav,1
track_3494.wav,1
track_3495.wav,1
track_3496.wav,1
track_3497.wav,1
track_3498.wav,1
track_3499.wav,1
track_3500.wav,1
track_3501.wav,1
track_3502.wav,1
track_3503.wav,1
track_3504.wav,1
track_3505.wav,1
track_3506.wav,1
track_3507.wav,1
track_3508.wav,1
track_3509.wav,1
track_3510.wav,1
track_3511.wav,1
track_3512.wav,1
track_3513.wav,1
track_3514.wav,1
track_3515.wav,1
track_3516.wav,1
track_3517.wav,1
track_3518.wav,1
track_3519.wav,1
track_3520.wav,1
track_3521.wav,1
track_3522.wav,1
track_3523.wav,1
track_3524.wav,1
track_3525.wav,1
track_3526.wav,1
track_3527.wav,1
track_3528.wav,1
track_3529.wav,1
track_3530.wav,1
track_3531.wav,1
track_3532.wav,1
track_3533.wav,1
track_3534.wav,1
track_3535.wav,1
track_3536.wav,1
track_3537.wav,1
track_3538.wav,1
track_3539.wav,1
track_3540.wav,1
track_3541.wav,1
track_3542.wav,1
track_3543.wav,1
track_3544.wav,1
track_3545.wav,1
track_3546.wav,1
track_3548.wav,1
track_3549.wav,1
track_3550.wav,1
track_3551.wav,1
track_3552.wav,1
track_3553.wav,1
track_3554.wav,1
track_3555.wav,1
track_3556.wav,1
track_3557.wav,1
track_3558.wav,1
track_3559.wav,1
track_3560.wav,1
track_3561.wav,1
track_3562.wav,1
track_3564.wav,1
track_3565.wav,1
track_3566.wav,1
track_3567.wav,1
track_3568.wav,1
track_3569.wav,1
track_3570.wav,1
track_3572.wav,1
track_3573.wav,1
track_3575.wav,1
track_3576.wav,1
track_3577.wav,1
track_3578.wav,1
track_3579.wav,1
track_3580.wav,1
track_3581.wav,1
track_3582.wav,1
track_3583.wav,1
track_3584.wav,1
track_3585.wav,1
track_3586.wav,1
track_3587.wav,1
track_3588.wav,1
track_3589.wav,1
track_3590.wav,1
track_3591.wav,1
track_3592.wav,1
track_3593.wav,1
track_3594.wav,1
track_3595.wav,1
track_3596.wav,1
track_3597.wav,1
track_3598.wav,1
track_3599.wav,1
track_3600.wav,1
track_3601.wav,2
track_3602.wav,2
track_3603.wav,2
track_3604.wav,2
track_3605.wav,2
track_3606.wav,2
track_3607.wav,2
track_3608.wav,2
track_3609.wav,2
track_3610.wav,2
track_3611.wav,2
track_3612.wav,2
track_3613.wav,2
track_3614.wav,2
track_3615.wav,2
track_3616.wav,2
track_3617.wav,2
track_3619.wav,2
track_3620.wav,2
track_3621.wav,2
track_3622.wav,2
track_3623.wav,2
track_3624.wav,2
track_3625.wav,2
track_3626.wav,2
track_3627.wav,2
track_3628.wav,2
track_3630.wav,2
track_3631.wav,2
track_3632.wav,2
track_3633.wav,2
track_3634.wav,2
track_3635.wav,2
track_3636.wav,2
track_3637.wav,2
track_3638.wav,2
track_3639.wav,2
track_3640.wav,2
track_3641.wav,2
track_3642.wav,2
track_3643.wav,2
track_3644.wav,2
track_3645.wav,2
track_3646.wav,2
track_3647.wav,2
track_3648.wav,2
track_3649.wav,2
track_3650.wav,2
track_3651.wav,2
track_3652.wav,2
track_3654.wav,2
track_3655.wav,2
track_3656.wav,2
track_3657.wav,2
track_3658.wav,2
track_3659.wav,2
track_3660.wav,2
track_3661.wav,2
track_3662.wav,2
track_3663.wav,2
track_3664.wav,2
track_3665.wav,2
track_3666.wav,2
track_3667.wav,2
track_3668.wav,2
track_3669.wav,2
track_3670.wav,2
track_3671.wav,2
track_3672.wav,2
track_3673.wav,2
track_3675.wav,2
track_3676.wav,2
track_3677.wav,2
track_3678.wav,2
track_3679.wav,2
track_3680.wav,2
track_3681.wav,2
track_3682.wav,2
track_3683.wav,2
track_3684.wav,2
track_3685.wav,2
track_3686.wav,2
track_3687.wav,2
track_3688.wav,2
track_3689.wav,2
track_3690.wav,2
track_3691.wav,2
track_3692.wav,2
track_3693.wav,2
track_3694.wav,2
track_3695.wav,2
track_3696.wav,2
track_3697.wav,2
track_3698.wav,2
track_3699.wav,2
track_3700.wav,2
track_3701.wav,2
track_3702.wav,2
track_3703.wav,2
track_3704.wav,2
track_3705.wav,2
track_3706.wav,2
track_3707.wav,2
track_3708.wav,2
track_3709.wav,2
track_3710.wav,2
track_3712.wav,2
track_3713.wav,2
track_3714.wav,2
track_3715.wav,2
track_3716.wav,2
track_3717.wav,2
track_3718.wav,2
track_3719.wav,2
track_3720.wav,2
track_3721.wav,2
track_3722.wav,2
track_3723.wav,2
track_3724.wav,2
track_3725.wav,2
track_3726.wav,2
track_3727.wav,2
track_3728.wav,2
track_3729.wav,2
track_3730.wav,2
track_3731.wav,2
track_3732.wav,2
track_3733.wav,2
track_3734.wav,2
track_3735.wav,2
track_3737.wav,2
track_3738.wav,2
track_3740.wav,2
track_3741.wav,2
track_3742.wav,2
track_3743.wav,2
track_3744.wav,2
track_3745.wav,2
track_3746.wav,2
track_3747.wav,2
track_3748.wav,2
track_3749.wav,2
track_3750.wav,2
track_3751.wav,2
track_3752.wav,2
track_3753.wav,2
track_3754.wav,2
track_3755.wav,2
track_3757.wav,2
track_3758.wav,2
track_3759.wav,2
track_3760.wav,2
track_3761.wav,2
track_3762.wav,2
track_3763.wav,2
track_3764.wav,2
track_3765.wav,2
track_3766.wav,2
track_3767.wav,2
track_3768.wav,2
track_3769.wav,2
track_3770.wav,2
track_3771.wav,2
track_3772.wav,2
track_3773.wav,2
track_3774.wav,2
track_3775.wav,2
track_3776.wav,2
track_3777.wav,2
track_3778.wav,2
track_3779.wav,2
track_3780.wav,2
track_3781.wav,2
track_3782.wav,2
track_3783.wav,2
track_3784.wav,2
track_3785.wav,2
track_3786.wav,2
track_3787.wav,2
track_3789.wav,2
track_3790.wav,2
track_3791.wav,2
track_3792.wav,2
track_3793.wav,2
track_3794.wav,2
track_3795.wav,2
track_3796.wav,2
track_3797.wav,2
track_3798.wav,2
track_3799.wav,2
track_3800.wav,2
track_3801.wav,2
track_3802.wav,2
track_3803.wav,2
track_3804.wav,2
track_3805.wav,2
track_3806.wav,2
track_3807.wav,2
track_3808.wav,2
track_3809.wav,2
track_3810.wav,2
track_3811.wav,2
track_3812.wav,2
track_3813.wav,2
track_3815.wav,2
track_3816.wav,2
track_3817.wav,2
track_3818.wav,2
track_3819.wav,2
track_3820.wav,2
track_3821.wav,2
track_3822.wav,2
track_3823.wav,2
track_3824.wav,2
track_3825.wav,2
track_3827.wav,2
track_3828.wav,2
track_3829.wav,2
track_3830.wav,2
track_3831.wav,2
track_3832.wav,2
track_3833.wav,2
track_3834.wav,2
track_3835.wav,2
track_3836.wav,2
track_3837.wav,2
track_3838.wav,2
track_3839.wav,2
track_3840.wav,2
track_3841.wav,2
track_3842.wav,2
track_3843.wav,2
track_3844.wav,2
track_3845.wav,2
track_3846.wav,2
track_3847.wav,2
track_3848.wav,2
track_3849.wav,2
track_3850.wav,2
track_3851.wav,2
track_3852.wav,2
track_3853.wav,2
track_3854.wav,2
track_3855.wav,2
track_3856.wav,2
track_3857.wav,2
track_3858.wav,2
track_3859.wav,2
track_3860.wav,2
track_3861.wav,2
track_3862.wav,2
track_3864.wav,2
track_3865.wav,2
track_3866.wav,2
track_3867.wav,2
track_3868.wav,2
track_3869.wav,2
track_3870.wav,2
track_3871.wav,2
track_3873.wav,2
track_3874.wav,2
track_3875.wav,2
track_3876.wav,2
track_3877.wav,2
track_3878.wav,2
track_3879.wav,2
track_3881.wav,2
track_3882.wav,2
track_3883.wav,2
track_3884.wav,2
track_3886.wav,2
track_3887.wav,2
track_3888.wav,2
track_3889.wav,2
track_3890.wav,2
track_3891.wav,2
track_3892.wav,2
track_3893.wav,2
track_3894.wav,2
track_3895.wav,2
track_3896.wav,2
track_3897.wav,2
track_3898.wav,2
track_3899.wav,2
track_3900.wav,2
track_3901.wav,2
track_3902.wav,2
track_3903.wav,2
track_3904.wav,2
track_3906.wav,2
track_3907.wav,2
track_3908.wav,2
track_3909.wav,2
track_3910.wav,2
track_3911.wav,2
track_3912.wav,2
track_3913.wav,2
track_3914.wav,2
track_3915.wav,2
track_3916.wav,2
track_3917.wav,2
track_3918.wav,2
track_3920.wav,2
track_3921.wav,2
track_3922.wav,2
track_3923.wav,2
track_3924.wav,2
track_3925.wav,2
track_3927.wav,2
track_3928.wav,2
track_3929.wav,2
track_3930.wav,2
track_3931.wav,2
track_3932.wav,2
track_3933.wav,2
track_3934.wav,2
track_3935.wav,2
track_3936.wav,2
track_3937.wav,2
track_3938.wav,2
track_3939.wav,2
track_3940.wav,2
track_3942.wav,2
track_3944.wav,2
track_3945.wav,2
track_3946.wav,2
track_3947.wav,2
track_3948.wav,2
track_3949.wav,2
track_3950.wav,2
track_3951.wav,2
track_3952.wav,2
track_3953.wav,2
track_3954.wav,2
track_3955.wav,2
track_3956.wav,2
track_3957.wav,2
track_3958.wav,2
track_3959.wav,2
track_3960.wav,2
track_3961.wav,2
track_3962.wav,2
track_3963.wav,2
track_3964.wav,2
track_3965.wav,2
track_3966.wav,2
track_3967.wav,2
track_3968.wav,2
track_3969.wav,2
track_3970.wav,2
track_3971.wav,2
track_3972.wav,2
track_3973.wav,2
track_3975.wav,2
track_3976.wav,2
track_3977.wav,2
track_3978.wav,2
track_3979.wav,2
track_3980.wav,2
track_3981.wav,2
track_3983.wav,2
track_3984.wav,2
track_3985.wav,2
track_3986.wav,2
track_3987.wav,2
track_3988.wav,2
track_3989.wav,2
track_3990.wav,2
track_3991.wav,2
track_3992.wav,2
track_3993.wav,2
track_3994.wav,2
track_3995.wav,2
track_3996.wav,2
track_3997.wav,2
track_3998.wav,2
track_3999.wav,2
track_4000.wav,2
track_4001.wav,2
track_4002.wav,2
track_4003.wav,2
track_4005.wav,2
track_4006.wav,2
track_4007.wav,2
track_4008.wav,2
track_4009.wav,2
track_4010.wav,2
track_4011.wav,2
track_4012.wav,2
track_4013.wav,2
track_4014.wav,2
track_4015.wav,2
track_4016.wav,2
track_4017.wav,2
track_4018.wav,2
track_4019.wav,2
track_4020.wav,2
track_4021.wav,2
track_4022.wav,2
track_4023.wav,2
track_4024.wav,2
track_4025.wav,2
track_4026.wav,2
track_4027.wav,2
track_4028.wav,2
track_4029.wav,2
track_4030.wav,2
track_4031.wav,2
track_4032.wav,2
track_4033.wav,2
track_4034.wav,2
track_4035.wav,2
track_4036.wav,2
track_4037.wav,2
track_4038.wav,2
track_4039.wav,2
track_4040.wav,2
track_4042.wav,2
track_4043.wav,2
track_4044.wav,2
track_4045.wav,2
track_4046.wav,2
track_4047.wav,2
track_4048.wav,2
track_4049.wav,2
track_4050.wav,2
track_4051.wav,2
track_4052.wav,2
track_4053.wav,2
track_4054.wav,2
track_4055.wav,2
track_4056.wav,2
track_4057.wav,2
track_4058.wav,2
track_4059.wav,2
track_4060.wav,2
track_4061.wav,2
track_4062.wav,2
track_4063.wav,2
track_4064.wav,2
track_4065.wav,2
track_4066.wav,2
track_4067.wav,2
track_4068.wav,2
track_4069.wav,2
track_4070.wav,2
track_4071.wav,2
track_4072.wav,2
track_4073.wav,2
track_4074.wav,2
track_4075.wav,2
track_4076.wav,2
track_4078.wav,2
track_4079.wav,2
track_4080.wav,2
track_4081.wav,2
track_4082.wav,2
track_4083.wav,2
track_4084.wav,2
track_4085.wav,2
track_4086.wav,2
track_4087.wav,2
track_4088.wav,2
track_4089.wav,2
track_4090.wav,2
track_4091.wav,2
track_4092.wav,2
track_4093.wav,2
track_4094.wav,2
track_4095.wav,2
track_4096.wav,2
track_4097.wav,2
track_4098.wav,2
track_4099.wav,2
track_4100.wav,2
track_4101.wav,2
track_4102.wav,2
track_4103.wav,2
track_4104.wav,2
track_4105.wav,2
track_4106.wav,2
track_4108.wav,2
track_4109.wav,2
track_4110.wav,2
track_4111.wav,2
track_4113.wav,2
track_4114.wav,2
track_4115.wav,2
track_4116.wav,2
track_4118.wav,2
track_4119.wav,2
track_4120.wav,2
track_4121.wav,2
track_4122.wav,2
track_4123.wav,2
track_4124.wav,2
track_4125.wav,2
track_4126.wav,2
track_4127.wav,2
track_4128.wav,2
track_4129.wav,2
track_4130.wav,2
track_4131.wav,2
track_4132.wav,2
track_4133.wav,2
track_4134.wav,2
track_4135.wav,2
track_4136.wav,2
track_4137.wav,2
track_4138.wav,2
track_4139.wav,2
track_4140.wav,2
track_4141.wav,2
track_4142.wav,2
track_4143.wav,2
track_4144.wav,2
track_4145.wav,2
track_4146.wav,2
track_4148.wav,2
track_4149.wav,2
track_4150.wav,2
track_4151.wav,2
track_4152.wav,2
track_4153.wav,2
track_4154.wav,2
track_4155.wav,2
track_4156.wav,2
track_4157.wav,2
track_4158.wav,2
track_4159.wav,2
track_4160.wav,2
track_4161.wav,2
track_4162.wav,2
track_4163.wav,2
track_4164.wav,2
track_4165.wav,2
track_4166.wav,2
track_4167.wav,2
track_4168.wav,2
track_4169.wav,2
track_4170.wav,2
track_4171.wav,2
track_4172.wav,2
track_4173.wav,2
track_4174.wav,2
track_4175.wav,2
track_4176.wav,2
track_4177.wav,2
track_4178.wav,2
track_4179.wav,2
track_4180.wav,2
track_4181.wav,2
track_4182.wav,2
track_4183.wav,2
track_4184.wav,2
track_4186.wav,2
track_4187.wav,2
track_4188.wav,2
track_4189.wav,2
track_4190.wav,2
track_4191.wav,2
track_4192.wav,2
track_4193.wav,2
track_4194.wav,2
track_4195.wav,2
track_4196.wav,2
track_4197.wav,2
track_4198.wav,2
track_4199.wav,2
track_4200.wav,2
track_4201.wav,2
track_4202.wav,2
track_4203.wav,2
track_4204.wav,2
track_4205.wav,2
track_4206.wav,2
track_4207.wav,2
track_4208.wav,2
track_4209.wav,2
track_4210.wav,2
track_4211.wav,2
track_4212.wav,2
track_4213.wav,2
track_4214.wav,2
track_4215.wav,2
track_4216.wav,2
track_4217.wav,2
track_4218.wav,2
track_4219.wav,2
track_4220.wav,2
track_4221.wav,2
track_4222.wav,2
track_4223.wav,2
track_4224.wav,2
track_4225.wav,2
track_4226.wav,2
track_4227.wav,2
track_4228.wav,2
track_4229.wav,2
track_4230.wav,2
track_4231.wav,2
track_4232.wav,2
track_4233.wav,2
track_4234.wav,2
track_4235.wav,2
track_4236.wav,2
track_4237.wav,2
track_4238.wav,2
track_4239.wav,2
track_4240.wav,2
track_4241.wav,2
track_4242.wav,2
track_4243.wav,2
track_4244.wav,2
track_4245.wav,2
track_4246.wav,2
track_4247.wav,2
track_4248.wav,2
track_4249.wav,2
track_4250.wav,2
track_4251.wav,2
track_4252.wav,2
track_4253.wav,2
track_4254.wav,2
track_4255.wav,2
track_4256.wav,2
track_4257.wav,2
track_4258.wav,2
track_4259.wav,2
track_4260.wav,2
track_4261.wav,2
track_4262.wav,2
track_4263.wav,2
track_4264.wav,2
track_4265.wav,2
track_4266.wav,2
track_4267.wav,2
track_4268.wav,2
track_4269.wav,2
track_4270.wav,2
track_4271.wav,2
track_4272.wav,2
track_4273.wav,2
track_4274.wav,2
track_4275.wav,2
track_4276.wav,2
track_4277.wav,2
track_4278.wav,2
track_4279.wav,2
track_4280.wav,2
track_4281.wav,2
track_4282.wav,2
track_4283.wav,2
track_4284.wav,2
track_4285.wav,2
track_4286.wav,2
track_4287.wav,2
track_4288.wav,2
track_4289.wav,2
track_4291.wav,2
track_4292.wav,2
track_4293.wav,2
track_4294.wav,2
track_4295.wav,2
track_4296.wav,2
track_4297.wav,2
track_4298.wav,2
track_4299.wav,2
track_4300.wav,2
track_4301.wav,2
track_4302.wav,2
track_4303.wav,2
track_4304.wav,2
track_4305.wav,2
track_4306.wav,2
track_4307.wav,2
track_4308.wav,2
track_4309.wav,2
track_4310.wav,2
track_4311.wav,2
track_4312.wav,2
track_4313.wav,2
track_4314.wav,2
track_4315.wav,2
track_4316.wav,2
track_4317.wav,2
track_4318.wav,2
track_4319.wav,2
track_4321.wav,2
track_4322.wav,2
track_4323.wav,2
track_4325.wav,2
track_4326.wav,2
track_4327.wav,2
track_4328.wav,2
track_4329.wav,2
track_4330.wav,2
track_4331.wav,2
track_4332.wav,2
track_4333.wav,2
track_4334.wav,2
track_4335.wav,2
track_4336.wav,2
track_4337.wav,2
track_4338.wav,2
track_4339.wav,2
track_4340.wav,2
track_4342.wav,2
track_4343.wav,2
track_4344.wav,2
track_4346.wav,2
track_4347.wav,2
track_4348.wav,2
track_4349.wav,2
track_4350.wav,2
track_4351.wav,2
track_4352.wav,2
track_4353.wav,2
track_4354.wav,2
track_4355.wav,2
track_4356.wav,2
track_4357.wav,2
track_4358.wav,2
track_4359.wav,2
track_4360.wav,2
track_4361.wav,2
track_4362.wav,2
track_4364.wav,2
track_4365.wav,2
track_4366.wav,2
track_4367.wav,2
track_4368.wav,2
track_4369.wav,2
track_4370.wav,2
track_4371.wav,2
track_4372.wav,2
track_4373.wav,2
track_4374.wav,2
track_4375.wav,2
track_4376.wav,2
track_4377.wav,2
track_4378.wav,2
track_4379.wav,2
track_4380.wav,2
track_4381.wav,2
track_4382.wav,2
track_4383.wav,2
track_4384.wav,2
track_4385.wav,2
track_4386.wav,2
track_4387.wav,2
track_4388.wav,2
track_4389.wav,2
track_4390.wav,2
track_4391.wav,2
track_4393.wav,2
track_4394.wav,2
track_4395.wav,2
track_4397.wav,2
track_4398.wav,2
track_4399.wav,2
track_4400.wav,2
track_4401.wav,2
track_4402.wav,2
track_4403.wav,2
track_4404.wav,2
track_4405.wav,2
track_4406.wav,2
track_4407.wav,2
track_4408.wav,2
track_4409.wav,2
track_4410.wav,2
track_4411.wav,2
track_4412.wav,2
track_4413.wav,2
track_4414.wav,2
track_4415.wav,2
track_4416.wav,2
track_4417.wav,2
track_4418.wav,2
track_4419.wav,2
track_4420.wav,2
track_4421.wav,2
track_4422.wav,2
track_4423.wav,2
track_4424.wav,2
track_4425.wav,2
track_4426.wav,2
track_4427.wav,2
track_4428.wav,2
track_4429.wav,2
track_4430.wav,2
track_4431.wav,2
track_4433.wav,2
track_4434.wav,2
track_4435.wav,2
track_4436.wav,2
track_4437.wav,2
track_4438.wav,2
track_4439.wav,2
track_4440.wav,2
track_4441.wav,2
track_4442.wav,2
track_4443.wav,2
track_4444.wav,2
track_4445.wav,2
track_4446.wav,2
track_4447.wav,2
track_4448.wav,2
track_4449.wav,2
track_4450.wav,2
track_4451.wav,2
track_4453.wav,2
track_4454.wav,2
track_4455.wav,2
track_4456.wav,2
track_4457.wav,2
track_4458.wav,2
track_4459.wav,2
track_4460.wav,2
track_4461.wav,2
track_4462.wav,2
track_4464.wav,2
track_4465.wav,2
track_4466.wav,2
track_4467.wav,2
track_4468.wav,2
track_4469.wav,2
track_4470.wav,2
track_4471.wav,2
track_4472.wav,2
track_4473.wav,2
track_4474.wav,2
track_4475.wav,2
track_4476.wav,2
track_4477.wav,2
track_4478.wav,2
track_4479.wav,2
track_4480.wav,2
track_4481.wav,2
track_4482.wav,2
track_4483.wav,2
track_4484.wav,2
track_4485.wav,2
track_4486.wav,2
track_4487.wav,2
track_4488.wav,2
track_4489.wav,2
track_4491.wav,2
track_4492.wav,2
track_4493.wav,2
track_4494.wav,2
track_4495.wav,2
track_4496.wav,2
track_4497.wav,2
track_4498.wav,2
track_4499.wav,2
track_4500.wav,2
track_4501.wav,2
track_4502.wav,2
track_4503.wav,2
track_4504.wav,2
track_4505.wav,2
track_4506.wav,2
track_4507.wav,2
track_4508.wav,2
track_4510.wav,2
track_4511.wav,2
track_4512.wav,2
track_4513.wav,2
track_4514.wav,2
track_4515.wav,2
track_4516.wav,2
track_4517.wav,2
track_4518.wav,2
track_4519.wav,2
track_4520.wav,2
track_4521.wav,2
track_4522.wav,2
track_4523.wav,2
track_4524.wav,2
track_4525.wav,2
track_4526.wav,2
track_4528.wav,2
track_4529.wav,2
track_4530.wav,2
track_4531.wav,2
track_4532.wav,2
track_4533.wav,2
track_4534.wav,2
track_4535.wav,2
track_4536.wav,2
track_4537.wav,2
track_4538.wav,2
track_4539.wav,2
track_4540.wav,2
track_4541.wav,2
track_4542.wav,2
track_4543.wav,2
track_4544.wav,2
track_4545.wav,2
track_4546.wav,2
track_4547.wav,2
track_4548.wav,2
track_4549.wav,2
track_4550.wav,2
track_4551.wav,2
track_4552.wav,2
track_4553.wav,2
track_4554.wav,2
track_4555.wav,2
track_4556.wav,2
track_4557.wav,2
track_4558.wav,2
track_4559.wav,2
track_4560.wav,2
track_4561.wav,2
track_4562.wav,2
track_4563.wav,2
track_4564.wav,2
track_4565.wav,2
track_4566.wav,2
track_4567.wav,2
track_4568.wav,2
track_4569.wav,2
track_4570.wav,2
track_4571.wav,2
track_4572.wav,2
track_4573.wav,2
track_4574.wav,2
track_4575.wav,2
track_4576.wav,2
track_4577.wav,2
track_4578.wav,2
track_4579.wav,2
track_4580.wav,2
track_4581.wav,2
track_4582.wav,2
track_4583.wav,2
track_4584.wav,2
track_4585.wav,2
track_4586.wav,2
track_4587.wav,2
track_4588.wav,2
track_4589.wav,2
track_4590.wav,2
track_4591.wav,2
track_4592.wav,2
track_4593.wav,2
track_4594.wav,2
track_4595.wav,2
track_4596.wav,2
track_4597.wav,2
track_4598.wav,2
track_4600.wav,2
track_4601.wav,2
track_4602.wav,2
track_4603.wav,2
track_4604.wav,2
track_4605.wav,2
track_4606.wav,2
track_4607.wav,2
track_4608.wav,2
track_4609.wav,2
track_4610.wav,2
track_4611.wav,2
track_4612.wav,2
track_4613.wav,2
track_4615.wav,2
track_4616.wav,2
track_4617.wav,2
track_4618.wav,2
track_4619.wav,2
track_4620.wav,2
track_4621.wav,2
track_4622.wav,2
track_4623.wav,2
track_4624.wav,2
track_4625.wav,2
track_4626.wav,2
track_4627.wav,2
track_4628.wav,2
track_4629.wav,2
track_4630.wav,2
track_4631.wav,2
track_4632.wav,2
track_4633.wav,2
track_4634.wav,2
track_4635.wav,2
track_4636.wav,2
track_4637.wav,2
track_4638.wav,2
track_4639.wav,2
track_4640.wav,2
track_4642.wav,2
track_4643.wav,2
track_4644.wav,2
track_4645.wav,2
track_4646.wav,2
track_4647.wav,2
track_4648.wav,2
track_4649.wav,2
track_4650.wav,2
track_4651.wav,2
track_4652.wav,2
track_4653.wav,2
track_4656.wav,2
track_4657.wav,2
track_4659.wav,2
track_4660.wav,2
track_4661.wav,2
track_4662.wav,2
track_4663.wav,2
track_4664.wav,2
track_4665.wav,2
track_4666.wav,2
track_4667.wav,2
track_4668.wav,2
track_4669.wav,2
track_4670.wav,2
track_4671.wav,2
track_4672.wav,2
track_4673.wav,2
track_4674.wav,2
track_4676.wav,2
track_4677.wav,2
track_4678.wav,2
track_4679.wav,2
track_4680.wav,2
track_4681.wav,2
track_4682.wav,2
track_4683.wav,2
track_4684.wav,2
track_4685.wav,2
track_4686.wav,2
track_4687.wav,2
track_4688.wav,2
track_4689.wav,2
track_4690.wav,2
track_4691.wav,2
track_4692.wav,2
track_4693.wav,2
track_4696.wav,2
track_4697.wav,2
track_4698.wav,2
track_4699.wav,2
track_4700.wav,2
track_4701.wav,2
track_4702.wav,2
track_4703.wav,2
track_4704.wav,2
track_4705.wav,2
track_4706.wav,2
track_4707.wav,2
track_4708.wav,2
track_4709.wav,2
track_4710.wav,2
track_4711.wav,2
track_4712.wav,2
track_4713.wav,2
track_4714.wav,2
track_4715.wav,2
track_4716.wav,2
track_4717.wav,2
track_4718.wav,2
track_4719.wav,2
track_4720.wav,2
track_4721.wav,2
track_4722.wav,2
track_4723.wav,2
track_4724.wav,2
track_4725.wav,2
track_4726.wav,2
track_4727.wav,2
track_4728.wav,2
track_4729.wav,2
track_4730.wav,2
track_4731.wav,2
track_4732.wav,2
track_4733.wav,2
track_4734.wav,2
track_4735.wav,2
track_4736.wav,2
track_4737.wav,2
track_4738.wav,2
track_4739.wav,2
track_4740.wav,2
track_4741.wav,2
track_4742.wav,2
track_4743.wav,2
track_4744.wav,2
track_4745.wav,2
track_4746.wav,2
track_4747.wav,2
track_4748.wav,2
track_4749.wav,2
track_4750.wav,2
track_4751.wav,2
track_4752.wav,2
track_4753.wav,2
track_4754.wav,2
track_4756.wav,2
track_4757.wav,2
track_4758.wav,2
track_4759.wav,2
track_4760.wav,2
track_4761.wav,2
track_4762.wav,2
track_4763.wav,2
track_4764.wav,2
track_4765.wav,2
track_4766.wav,2
track_4767.wav,2
track_4768.wav,2
track_4769.wav,2
track_4770.wav,2
track_4771.wav,2
track_4772.wav,2
track_4774.wav,2
track_4775.wav,2
track_4776.wav,2
track_4777.wav,2
track_4778.wav,2
track_4779.wav,2
track_4780.wav,2
track_4781.wav,2
track_4782.wav,2
track_4783.wav,2
track_4784.wav,2
track_4785.wav,2
track_4787.wav,2
track_4788.wav,2
track_4789.wav,2
track_4790.wav,2
track_4791.wav,2
track_4792.wav,2
track_4793.wav,2
track_4794.wav,2
track_4795.wav,2
track_4796.wav,2
track_4797.wav,2
track_4798.wav,2
track_4799.wav,2
track_4800.wav,2
track_4801.wav,4
track_4802.wav,4
track_4803.wav,4
track_4804.wav,4
track_4805.wav,4
track_4806.wav,4
track_4807.wav,4
track_4808.wav,4
track_4809.wav,4
track_4810.wav,4
track_4811.wav,4
track_4812.wav,4
track_4813.wav,4
track_4814.wav,4
track_4815.wav,4
track_4816.wav,4
track_4817.wav,4
track_4818.wav,4
track_4819.wav,4
track_4820.wav,4
track_4821.wav,4
track_4822.wav,4
track_4823.wav,4
track_4824.wav,4
track_4825.wav,4
track_4826.wav,4
track_4827.wav,4
track_4828.wav,4
track_4829.wav,4
track_4830.wav,4
track_4831.wav,4
track_4832.wav,4
track_4833.wav,4
track_4834.wav,4
track_4835.wav,4
track_4836.wav,4
track_4837.wav,4
track_4838.wav,4
track_4839.wav,4
track_4840.wav,4
track_4841.wav,4
track_4842.wav,4
track_4843.wav,4
track_4844.wav,4
track_4845.wav,4
track_4846.wav,4
track_4847.wav,4
track_4848.wav,4
track_4849.wav,4
track_4850.wav,4
track_4851.wav,4
track_4852.wav,4
track_4853.wav,4
track_4854.wav,4
track_4855.wav,4
track_4856.wav,4
track_4857.wav,4
track_4858.wav,4
track_4859.wav,4
track_4860.wav,4
track_4861.wav,4
track_4862.wav,4
track_4863.wav,4
track_4864.wav,4
track_4866.wav,4
track_4867.wav,4
track_4868.wav,4
track_4870.wav,4
track_4871.wav,4
track_4872.wav,4
track_4873.wav,4
track_4874.wav,4
track_4876.wav,4
track_4877.wav,4
track_4878.wav,4
track_4879.wav,4
track_4880.wav,4
track_4881.wav,4
track_4882.wav,4
track_4883.wav,4
track_4884.wav,4
track_4885.wav,4
track_4886.wav,4
track_4887.wav,4
track_4888.wav,4
track_4889.wav,4
track_4890.wav,4
track_4891.wav,4
track_4892.wav,4
track_4893.wav,4
track_4895.wav,4
track_4896.wav,4
track_4897.wav,4
track_4898.wav,4
track_4899.wav,4
track_4900.wav,4
track_4901.wav,4
track_4902.wav,4
track_4903.wav,4
track_4904.wav,4
track_4905.wav,4
track_4906.wav,4
track_4907.wav,4
track_4908.wav,4
track_4909.wav,4
track_4910.wav,4
track_4911.wav,4
track_4912.wav,4
track_4913.wav,4
track_4914.wav,4
track_4915.wav,4
track_4916.wav,4
track_4917.wav,4
track_4918.wav,4
track_4919.wav,4
track_4920.wav,4
track_4921.wav,4
track_4922.wav,4
track_4923.wav,4
track_4924.wav,4
track_4925.wav,4
track_4926.wav,4
track_4927.wav,4
track_4928.wav,4
track_4929.wav,4
track_4930.wav,4
track_4931.wav,4
track_4932.wav,4
track_4933.wav,4
track_4934.wav,4
track_4935.wav,4
track_4936.wav,4
track_4937.wav,4
track_4938.wav,4
track_4939.wav,4
track_4940.wav,4
track_4941.wav,4
track_4942.wav,4
track_4943.wav,4
track_4944.wav,4
track_4945.wav,4
track_4946.wav,4
track_4947.wav,4
track_4948.wav,4
track_4949.wav,4
track_4950.wav,4
track_4951.wav,4
track_4952.wav,4
track_4953.wav,4
track_4954.wav,4
track_4955.wav,4
track_4956.wav,4
track_4957.wav,4
track_4958.wav,4
track_4959.wav,4
track_4960.wav,4
track_4961.wav,4
track_4962.wav,4
track_4963.wav,4
track_4964.wav,4
track_4965.wav,4
track_4966.wav,4
track_4967.wav,4
track_4968.wav,4
track_4969.wav,4
track_4970.wav,4
track_4971.wav,4
track_4972.wav,4
track_4973.wav,4
track_4974.wav,4
track_4975.wav,4
track_4976.wav,4
track_4977.wav,4
track_4978.wav,4
track_4979.wav,4
track_4980.wav,4
track_4981.wav,4
track_4982.wav,4
track_4983.wav,4
track_4984.wav,4
track_4985.wav,4
track_4986.wav,4
track_4987.wav,4
track_4988.wav,4
track_4990.wav,4
track_4991.wav,4
track_4992.wav,4
track_4993.wav,4
track_4994.wav,4
track_4995.wav,4
track_4996.wav,4
track_4997.wav,4
track_4998.wav,4
track_4999.wav,4
track_5000.wav,4
track_5001.wav,4
track_5002.wav,4
track_5004.wav,4
track_5005.wav,4
track_5006.wav,4
track_5007.wav,4
track_5008.wav,4
track_5009.wav,4
track_5010.wav,4
track_5011.wav,4
track_5012.wav,4
track_5013.wav,4
track_5014.wav,4
track_5015.wav,4
track_5016.wav,4
track_5017.wav,4
track_5018.wav,4
track_5019.wav,4
track_5020.wav,4
track_5021.wav,4
track_5022.wav,4
track_5023.wav,4
track_5024.wav,4
track_5025.wav,4
track_5026.wav,4
track_5027.wav,4
track_5028.wav,4
track_5029.wav,4
track_5030.wav,4
track_5031.wav,4
track_5032.wav,4
track_5033.wav,4
track_5034.wav,4
track_5035.wav,4
track_5036.wav,4
track_5037.wav,4
track_5038.wav,4
track_5039.wav,4
track_5040.wav,4
track_5041.wav,4
track_5042.wav,4
track_5043.wav,4
track_5044.wav,4
track_5045.wav,4
track_5046.wav,4
track_5047.wav,4
track_5048.wav,4
track_5049.wav,4
track_5050.wav,4
track_5051.wav,4
track_5052.wav,4
track_5054.wav,4
track_5055.wav,4
track_5056.wav,4
track_5057.wav,4
track_5058.wav,4
track_5059.wav,4
track_5060.wav,4
track_5061.wav,4
track_5062.wav,4
track_5063.wav,4
track_5064.wav,4
track_5065.wav,4
track_5066.wav,4
track_5067.wav,4
track_5068.wav,4
track_5069.wav,4
track_5070.wav,4
track_5071.wav,4
track_5072.wav,4
track_5073.wav,4
track_5074.wav,4
track_5075.wav,4
track_5076.wav,4
track_5077.wav,4
track_5078.wav,4
track_5079.wav,4
track_5080.wav,4
track_5081.wav,4
track_5082.wav,4
track_5083.wav,4
track_5084.wav,4
track_5085.wav,4
track_5086.wav,4
track_5087.wav,4
track_5088.wav,4
track_5089.wav,4
track_5090.wav,4
track_5091.wav,4
track_5092.wav,4
track_5093.wav,4
track_5094.wav,4
track_5095.wav,4
track_5096.wav,4
track_5097.wav,4
track_5098.wav,4
track_5100.wav,4
track_5101.wav,4
track_5102.wav,4
track_5104.wav,4
track_5105.wav,4
track_5106.wav,4
track_5107.wav,4
track_5108.wav,4
track_5109.wav,4
track_5110.wav,4
track_5111.wav,4
track_5112.wav,4
track_5113.wav,4
track_5114.wav,4
track_5115.wav,4
track_5116.wav,4
track_5117.wav,4
track_5118.wav,4
track_5119.wav,4
track_5120.wav,4
track_5121.wav,4
track_5122.wav,4
track_5123.wav,4
track_5124.wav,4
track_5125.wav,4
track_5126.wav,4
track_5127.wav,4
track_5128.wav,4
track_5129.wav,4
track_5130.wav,4
track_5131.wav,4
track_5132.wav,4
track_5133.wav,4
track_5134.wav,4
track_5135.wav,4
track_5136.wav,4
track_5137.wav,4
track_5138.wav,4
track_5139.wav,4
track_5140.wav,4
track_5141.wav,4
track_5142.wav,4
track_5143.wav,4
track_5144.wav,4
track_5145.wav,4
track_5146.wav,4
track_5147.wav,4
track_5148.wav,4
track_5149.wav,4
track_5150.wav,4
track_5151.wav,4
track_5152.wav,4
track_5153.wav,4
track_5154.wav,4
track_5155.wav,4
track_5156.wav,4
track_5157.wav,4
track_5158.wav,4
track_5159.wav,4
track_5160.wav,4
track_5161.wav,4
track_5162.wav,4
track_5163.wav,4
track_5164.wav,4
track_5165.wav,4
track_5166.wav,4
track_5167.wav,4
track_5168.wav,4
track_5169.wav,4
track_5170.wav,4
track_5171.wav,4
track_5172.wav,4
track_5174.wav,4
track_5175.wav,4
track_5176.wav,4
track_5178.wav,4
track_5179.wav,4
track_5180.wav,4
track_5181.wav,4
track_5182.wav,4
track_5183.wav,4
track_5184.wav,4
track_5185.wav,4
track_5186.wav,4
track_5187.wav,4
track_5188.wav,4
track_5189.wav,4
track_5190.wav,4
track_5191.wav,4
track_5192.wav,4
track_5193.wav,4
track_5194.wav,4
track_5195.wav,4
track_5196.wav,4
track_5197.wav,4
track_5198.wav,4
track_5199.wav,4
track_5200.wav,4
track_5201.wav,4
track_5202.wav,4
track_5203.wav,4
track_5204.wav,4
track_5205.wav,4
track_5206.wav,4
track_5207.wav,4
track_5208.wav,4
track_5209.wav,4
track_5211.wav,4
track_5212.wav,4
track_5213.wav,4
track_5214.wav,4
track_5215.wav,4
track_5216.wav,4
track_5217.wav,4
track_5218.wav,4
track_5219.wav,4
track_5220.wav,4
track_5221.wav,4
track_5222.wav,4
track_5223.wav,4
track_5224.wav,4
track_5225.wav,4
track_5226.wav,4
track_5227.wav,4
track_5228.wav,4
track_5229.wav,4
track_5230.wav,4
track_5231.wav,4
track_5232.wav,4
track_5233.wav,4
track_5234.wav,4
track_5235.wav,4
track_5236.wav,4
track_5237.wav,4
track_5238.wav,4
track_5239.wav,4
track_5240.wav,4
track_5241.wav,4
track_5242.wav,4
track_5243.wav,4
track_5244.wav,4
track_5245.wav,4
track_5246.wav,4
track_5247.wav,4
track_5248.wav,4
track_5249.wav,4
track_5251.wav,4
track_5252.wav,4
track_5253.wav,4
track_5254.wav,4
track_5255.wav,4
track_5256.wav,4
track_5257.wav,4
track_5258.wav,4
track_5259.wav,4
track_5260.wav,4
track_5261.wav,4
track_5262.wav,4
track_5263.wav,4
track_5264.wav,4
track_5265.wav,4
track_5266.wav,4
track_5267.wav,4
track_5268.wav,4
track_5269.wav,4
track_5270.wav,4
track_5271.wav,4
track_5272.wav,4
track_5273.wav,4
track_5274.wav,4
track_5275.wav,4
track_5276.wav,4
track_5277.wav,4
track_5278.wav,4
track_5279.wav,4
track_5280.wav,4
track_5281.wav,4
track_5282.wav,4
track_5283.wav,4
track_5284.wav,4
track_5285.wav,4
track_5286.wav,4
track_5287.wav,4
track_5288.wav,4
track_5289.wav,4
track_5290.wav,4
track_5291.wav,4
track_5292.wav,4
track_5293.wav,4
track_5294.wav,4
track_5295.wav,4
track_5296.wav,4
track_5297.wav,4
track_5298.wav,4
track_5299.wav,4
track_5300.wav,4
track_5301.wav,4
track_5302.wav,4
track_5303.wav,4
track_5304.wav,4
track_5305.wav,4
track_5306.wav,4
track_5307.wav,4
track_5308.wav,4
track_5309.wav,4
track_5310.wav,4
track_5311.wav,4
track_5312.wav,4
track_5313.wav,4
track_5314.wav,4
track_5315.wav,4
track_5316.wav,4
track_5317.wav,4
track_5318.wav,4
track_5319.wav,4
track_5320.wav,4
track_5321.wav,4
track_5322.wav,4
track_5323.wav,4
track_5324.wav,4
track_5325.wav,4
track_5326.wav,4
track_5327.wav,4
track_5328.wav,4
track_5329.wav,4
track_5330.wav,4
track_5331.wav,4
track_5332.wav,4
track_5333.wav,4
track_5334.wav,4
track_5335.wav,4
track_5336.wav,4
track_5337.wav,4
track_5338.wav,4
track_5339.wav,4
track_5340.wav,4
track_5341.wav,4
track_5342.wav,4
track_5343.wav,4
track_5344.wav,4
track_5345.wav,4
track_5346.wav,4
track_5347.wav,4
track_5348.wav,4
track_5349.wav,4
track_5350.wav,4
track_5351.wav,4
track_5352.wav,4
track_5353.wav,4
track_5354.wav,4
track_5355.wav,4
track_5356.wav,4
track_5357.wav,4
track_5358.wav,4
track_5359.wav,4
track_5360.wav,4
track_5361.wav,4
track_5362.wav,4
track_5363.wav,4
track_5364.wav,4
track_5365.wav,4
track_5366.wav,4
track_5367.wav,4
track_5368.wav,4
track_5369.wav,4
track_5370.wav,4
track_5371.wav,4
track_5372.wav,4
track_5373.wav,4
track_5374.wav,4
track_5375.wav,4
track_5376.wav,4
track_5377.wav,4
track_5378.wav,4
track_5379.wav,4
track_5380.wav,4
track_5381.wav,4
track_5382.wav,4
track_5383.wav,4
track_5384.wav,4
track_5385.wav,4
track_5386.wav,4
track_5387.wav,4
track_5388.wav,4
track_5389.wav,4
track_5390.wav,4
track_5391.wav,4
track_5392.wav,4
track_5393.wav,4
track_5394.wav,4
track_5395.wav,4
track_5396.wav,4
track_5397.wav,4
track_5398.wav,4
track_5399.wav,4
track_5401.wav,4
track_5402.wav,4
track_5403.wav,4
track_5404.wav,4
track_5405.wav,4
track_5406.wav,4
track_5407.wav,4
track_5408.wav,4
track_5409.wav,4
track_5410.wav,4
track_5411.wav,4
track_5412.wav,4
track_5413.wav,4
track_5414.wav,4
track_5415.wav,4
track_5416.wav,4
track_5418.wav,4
track_5419.wav,4
track_5420.wav,4
track_5421.wav,4
track_5422.wav,4
track_5423.wav,4
track_5424.wav,4
track_5425.wav,4
track_5427.wav,4
track_5428.wav,4
track_5429.wav,4
track_5430.wav,4
track_5431.wav,4
track_5432.wav,4
track_5433.wav,4
track_5434.wav,4
track_5435.wav,4
track_5436.wav,4
track_5437.wav,4
track_5438.wav,4
track_5439.wav,4
track_5440.wav,4
track_5441.wav,4
track_5442.wav,4
track_5443.wav,4
track_5444.wav,4
track_5445.wav,4
track_5446.wav,4
track_5447.wav,4
track_5448.wav,4
track_5449.wav,4
track_5450.wav,4
track_5451.wav,4
track_5452.wav,4
track_5453.wav,4
track_5454.wav,4
track_5455.wav,4
track_5456.wav,4
track_5457.wav,4
track_5459.wav,4
track_5460.wav,4
track_5461.wav,4
track_5462.wav,4
track_5463.wav,4
track_5464.wav,4
track_5465.wav,4
track_5466.wav,4
track_5467.wav,4
track_5468.wav,4
track_5469.wav,4
track_5470.wav,4
track_5471.wav,4
track_5472.wav,4
track_5473.wav,4
track_5474.wav,4
track_5475.wav,4
track_5476.wav,4
track_5477.wav,4
track_5478.wav,4
track_5480.wav,4
track_5481.wav,4
track_5482.wav,4
track_5483.wav,4
track_5484.wav,4
track_5485.wav,4
track_5486.wav,4
track_5487.wav,4
track_5488.wav,4
track_5489.wav,4
track_5490.wav,4
track_5492.wav,4
track_5493.wav,4
track_5494.wav,4
track_5495.wav,4
track_5496.wav,4
track_5497.wav,4
track_5498.wav,4
track_5499.wav,4
track_5500.wav,4
track_5501.wav,4
track_5502.wav,4
track_5503.wav,4
track_5505.wav,4
track_5506.wav,4
track_5507.wav,4
track_5508.wav,4
track_5509.wav,4
track_5510.wav,4
track_5511.wav,4
track_5512.wav,4
track_5514.wav,4
track_5515.wav,4
track_5516.wav,4
track_5517.wav,4
track_5518.wav,4
track_5519.wav,4
track_5521.wav,4
track_5522.wav,4
track_5523.wav,4
track_5524.wav,4
track_5525.wav,4
track_5526.wav,4
track_5527.wav,4
track_5529.wav,4
track_5530.wav,4
track_5531.wav,4
track_5532.wav,4
track_5533.wav,4
track_5534.wav,4
track_5535.wav,4
track_5536.wav,4
track_5537.wav,4
track_5538.wav,4
track_5539.wav,4
track_5540.wav,4
track_5541.wav,4
track_5542.wav,4
track_5543.wav,4
track_5544.wav,4
track_5545.wav,4
track_5546.wav,4
track_5547.wav,4
track_5548.wav,4
track_5549.wav,4
track_5550.wav,4
track_5551.wav,4
track_5552.wav,4
track_5553.wav,4
track_5554.wav,4
track_5555.wav,4
track_5556.wav,4
track_5557.wav,4
track_5558.wav,4
track_5559.wav,4
track_5560.wav,4
track_5561.wav,4
track_5562.wav,4
track_5563.wav,4
track_5564.wav,4
track_5565.wav,4
track_5566.wav,4
track_5567.wav,4
track_5568.wav,4
track_5569.wav,4
track_5570.wav,4
track_5571.wav,4
track_5572.wav,4
track_5573.wav,4
track_5574.wav,4
track_5575.wav,4
track_5576.wav,4
track_5577.wav,4
track_5578.wav,4
track_5579.wav,4
track_5580.wav,4
track_5581.wav,4
track_5582.wav,4
track_5583.wav,4
track_5584.wav,4
track_5585.wav,4
track_5586.wav,4
track_5587.wav,4
track_5588.wav,4
track_5589.wav,4
track_5590.wav,4
track_5591.wav,4
track_5592.wav,4
track_5593.wav,4
track_5594.wav,4
track_5595.wav,4
track_5596.wav,4
track_5597.wav,4
track_5598.wav,4
track_5599.wav,4
track_5600.wav,4
track_5601.wav,4
track_5602.wav,4
track_5603.wav,4
track_5604.wav,4
track_5605.wav,4
track_5606.wav,4
track_5607.wav,4
track_5608.wav,4
track_5609.wav,4
track_5610.wav,4
track_5611.wav,4
track_5612.wav,4
track_5613.wav,4
track_5614.wav,4
track_5615.wav,4
track_5617.wav,4
track_5618.wav,4
track_5619.wav,4
track_5621.wav,4
track_5622.wav,4
track_5623.wav,4
track_5624.wav,4
track_5625.wav,4
track_5626.wav,4
track_5627.wav,4
track_5629.wav,4
track_5630.wav,4
track_5631.wav,4
track_5632.wav,4
track_5633.wav,4
track_5634.wav,4
track_5635.wav,4
track_5636.wav,4
track_5637.wav,4
track_5638.wav,4
track_5639.wav,4
track_5640.wav,4
track_5641.wav,4
track_5642.wav,4
track_5643.wav,4
track_5644.wav,4
track_5645.wav,4
track_5646.wav,4
track_5647.wav,4
track_5648.wav,4
track_5649.wav,4
track_5650.wav,4
track_5651.wav,4
track_5652.wav,4
track_5653.wav,4
track_5654.wav,4
track_5656.wav,4
track_5657.wav,4
track_5658.wav,4
track_5659.wav,4
track_5660.wav,4
track_5661.wav,4
track_5662.wav,4
track_5663.wav,4
track_5664.wav,4
track_5665.wav,4
track_5666.wav,4
track_5667.wav,4
track_5668.wav,4
track_5669.wav,4
track_5670.wav,4
track_5671.wav,4
track_5672.wav,4
track_5674.wav,4
track_5675.wav,4
track_5676.wav,4
track_5677.wav,4
track_5678.wav,4
track_5679.wav,4
track_5680.wav,4
track_5681.wav,4
track_5682.wav,4
track_5683.wav,4
track_5684.wav,4
track_5685.wav,4
track_5686.wav,4
track_5687.wav,4
track_5688.wav,4
track_5689.wav,4
track_5690.wav,4
track_5691.wav,4
track_5692.wav,4
track_5693.wav,4
track_5694.wav,4
track_5696.wav,4
track_5697.wav,4
track_5698.wav,4
track_5699.wav,4
track_5700.wav,4
track_5701.wav,4
track_5702.wav,4
track_5703.wav,4
track_5704.wav,4
track_5705.wav,4
track_5706.wav,4
track_5708.wav,4
track_5709.wav,4
track_5710.wav,4
track_5711.wav,4
track_5712.wav,4
track_5713.wav,4
track_5714.wav,4
track_5715.wav,4
track_5716.wav,4
track_5717.wav,4
track_5718.wav,4
track_5719.wav,4
track_5720.wav,4
track_5721.wav,4
track_5722.wav,4
track_5723.wav,4
track_5724.wav,4
track_5725.wav,4
track_5726.wav,4
track_5727.wav,4
track_5728.wav,4
track_5729.wav,4
track_5730.wav,4
track_5731.wav,4
track_5732.wav,4
track_5733.wav,4
track_5734.wav,4
track_5735.wav,4
track_5736.wav,4
track_5737.wav,4
track_5738.wav,4
track_5739.wav,4
track_5740.wav,4
track_5741.wav,4
track_5742.wav,4
track_5743.wav,4
track_5744.wav,4
track_5745.wav,4
track_5746.wav,4
track_5747.wav,4
track_5748.wav,4
track_5749.wav,4
track_5750.wav,4
track_5751.wav,4
track_5752.wav,4
track_5753.wav,4
track_5754.wav,4
track_5755.wav,4
track_5756.wav,4
track_5757.wav,4
track_5758.wav,4
track_5759.wav,4
track_5760.wav,4
track_5761.wav,4
track_5762.wav,4
track_5763.wav,4
track_5764.wav,4
track_5765.wav,4
track_5766.wav,4
track_5767.wav,4
track_5768.wav,4
track_5769.wav,4
track_5770.wav,4
track_5771.wav,4
track_5772.wav,4
track_5773.wav,4
track_5774.wav,4
track_5775.wav,4
track_5776.wav,4
track_5777.wav,4
track_5778.wav,4
track_5779.wav,4
track_5781.wav,4
track_5782.wav,4
track_5783.wav,4
track_5784.wav,4
track_5785.wav,4
track_5786.wav,4
track_5787.wav,4
track_5788.wav,4
track_5789.wav,4
track_5790.wav,4
track_5791.wav,4
track_5792.wav,4
track_5793.wav,4
track_5794.wav,4
track_5795.wav,4
track_5796.wav,4
track_5797.wav,4
track_5798.wav,4
track_5799.wav,4
track_5800.wav,4
track_5801.wav,4
track_5802.wav,4
track_5803.wav,4
track_5804.wav,4
track_5805.wav,4
track_5806.wav,4
track_5807.wav,4
track_5808.wav,4
track_5809.wav,4
track_5810.wav,4
track_5811.wav,4
track_5812.wav,4
track_5813.wav,4
track_5814.wav,4
track_5815.wav,4
track_5816.wav,4
track_5817.wav,4
track_5818.wav,4
track_5819.wav,4
track_5820.wav,4
track_5821.wav,4
track_5822.wav,4
track_5823.wav,4
track_5824.wav,4
track_5825.wav,4
track_5826.wav,4
track_5827.wav,4
track_5828.wav,4
track_5829.wav,4
track_5830.wav,4
track_5831.wav,4
track_5832.wav,4
track_5833.wav,4
track_5834.wav,4
track_5835.wav,4
track_5836.wav,4
track_5837.wav,4
track_5838.wav,4
track_5839.wav,4
track_5840.wav,4
track_5841.wav,4
track_5842.wav,4
track_5843.wav,4
track_5844.wav,4
track_5846.wav,4
track_5847.wav,4
track_5848.wav,4
track_5849.wav,4
track_5850.wav,4
track_5851.wav,4
track_5852.wav,4
track_5853.wav,4
track_5854.wav,4
track_5855.wav,4
track_5856.wav,4
track_5857.wav,4
track_5859.wav,4
track_5860.wav,4
track_5861.wav,4
track_5862.wav,4
track_5863.wav,4
track_5864.wav,4
track_5865.wav,4
track_5866.wav,4
track_5867.wav,4
track_5868.wav,4
track_5869.wav,4
track_5870.wav,4
track_5871.wav,4
track_5872.wav,4
track_5873.wav,4
track_5874.wav,4
track_5875.wav,4
track_5876.wav,4
track_5877.wav,4
track_5878.wav,4
track_5879.wav,4
track_5880.wav,4
track_5881.wav,4
track_5882.wav,4
track_5883.wav,4
track_5884.wav,4
track_5885.wav,4
track_5886.wav,4
track_5887.wav,4
track_5888.wav,4
track_5889.wav,4
track_5890.wav,4
track_5891.wav,4
track_5892.wav,4
track_5893.wav,4
track_5894.wav,4
track_5895.wav,4
track_5896.wav,4
track_5897.wav,4
track_5898.wav,4
track_5899.wav,4
track_5900.wav,4
track_5901.wav,4
track_5902.wav,4
track_5903.wav,4
track_5904.wav,4
track_5905.wav,4
track_5906.wav,4
track_5907.wav,4
track_5908.wav,4
track_5909.wav,4
track_5910.wav,4
track_5911.wav,4
track_5912.wav,4
track_5913.wav,4
track_5914.wav,4
track_5915.wav,4
track_5916.wav,4
track_5917.wav,4
track_5918.wav,4
track_5919.wav,4
track_5920.wav,4
track_5921.wav,4
track_5922.wav,4
track_5923.wav,4
track_5924.wav,4
track_5925.wav,4
track_5926.wav,4
track_5927.wav,4
track_5928.wav,4
track_5929.wav,4
track_5930.wav,4
track_5931.wav,4
track_5932.wav,4
track_5933.wav,4
track_5934.wav,4
track_5935.wav,4
track_5936.wav,4
track_5937.wav,4
track_5938.wav,4
track_5939.wav,4
track_5940.wav,4
track_5941.wav,4
track_5942.wav,4
track_5943.wav,4
track_5944.wav,4
track_5945.wav,4
track_5946.wav,4
track_5947.wav,4
track_5948.wav,4
track_5949.wav,4
track_5950.wav,4
track_5951.wav,4
track_5952.wav,4
track_5953.wav,4
track_5954.wav,4
track_5955.wav,4
track_5956.wav,4
track_5957.wav,4
track_5958.wav,4
track_5959.wav,4
track_5960.wav,4
track_5961.wav,4
track_5962.wav,4
track_5963.wav,4
track_5964.wav,4
track_5965.wav,4
track_5966.wav,4
track_5967.wav,4
track_5968.wav,4
track_5970.wav,4
track_5971.wav,4
track_5972.wav,4
track_5973.wav,4
track_5974.wav,4
track_5975.wav,4
track_5976.wav,4
track_5977.wav,4
track_5978.wav,4
track_5979.wav,4
track_5980.wav,4
track_5981.wav,4
track_5982.wav,4
track_5983.wav,4
track_5984.wav,4
track_5985.wav,4
track_5986.wav,4
track_5987.wav,4
track_5988.wav,4
track_5989.wav,4
track_5990.wav,4
track_5991.wav,4
track_5992.wav,4
track_5993.wav,4
track_5994.wav,4
track_5995.wav,4
track_5996.wav,4
track_5997.wav,4
track_5998.wav,4
track_5999.wav,4
track_6000.wav,4
